id,firstname,lastname,email,email2,profession
100,Jennica,Means,Jennica.Means@yopmail.com,Jennica.Means@gmail.com,firefighter
101,Iseabal,Catie,Iseabal.Catie@yopmail.com,Iseabal.Catie@gmail.com,firefighter
102,Bobinette,Winthorpe,Bobinette.Winthorpe@yopmail.com,Bobinette.Winthorpe@gmail.com,police officer
103,Nerta,Gavrila,Nerta.Gavrila@yopmail.com,Nerta.Gavrila@gmail.com,worker
104,Anestassia,Vharat,Anestassia.Vharat@yopmail.com,Anestassia.Vharat@gmail.com,police officer
105,Steffane,Terencio,Steffane.Terencio@yopmail.com,Steffane.Terencio@gmail.com,worker
106,Frank,Trace,Frank.Trace@yopmail.com,Frank.Trace@gmail.com,developer
107,Bertine,Lacombe,Bertine.Lacombe@yopmail.com,Bertine.Lacombe@gmail.com,doctor
108,Elie,Maroney,Elie.Maroney@yopmail.com,Elie.Maroney@gmail.com,doctor
109,Anallese,Franza,Anallese.Franza@yopmail.com,Anallese.Franza@gmail.com,firefighter
110,Deloria,Cutlerr,Deloria.Cutlerr@yopmail.com,Deloria.Cutlerr@gmail.com,firefighter
111,Cristabel,Ade,Cristabel.Ade@yopmail.com,Cristabel.Ade@gmail.com,police officer
112,Cathie,Berne,Cathie.Berne@yopmail.com,Cathie.Berne@gmail.com,firefighter
113,Mary,Vins,Mary.Vins@yopmail.com,Mary.Vins@gmail.com,firefighter
114,Ketti,Ahab,Ketti.Ahab@yopmail.com,Ketti.Ahab@gmail.com,developer
115,Jean,Klemperer,Jean.Klemperer@yopmail.com,Jean.Klemperer@gmail.com,developer
116,Leanna,Boehike,Leanna.Boehike@yopmail.com,Leanna.Boehike@gmail.com,worker
117,Frieda,Baudin,Frieda.Baudin@yopmail.com,Frieda.Baudin@gmail.com,worker
118,Shaylyn,Clie,Shaylyn.Clie@yopmail.com,Shaylyn.Clie@gmail.com,worker
119,Lanna,Jobi,Lanna.Jobi@yopmail.com,Lanna.Jobi@gmail.com,worker
120,Zaria,Carmena,Zaria.Carmena@yopmail.com,Zaria.Carmena@gmail.com,police officer
121,Britte,Stilwell,Britte.Stilwell@yopmail.com,Britte.Stilwell@gmail.com,doctor
122,Nannie,Wyn,Nannie.Wyn@yopmail.com,Nannie.Wyn@gmail.com,worker
123,Jobi,Valoniah,Jobi.Valoniah@yopmail.com,Jobi.Valoniah@gmail.com,doctor
124,Bettine,Newell,Bettine.Newell@yopmail.com,Bettine.Newell@gmail.com,worker
125,Dulcinea,Craggie,Dulcinea.Craggie@yopmail.com,Dulcinea.Craggie@gmail.com,doctor
126,Rosabelle,Old,Rosabelle.Old@yopmail.com,Rosabelle.Old@gmail.com,police officer
127,Molli,Jerold,Molli.Jerold@yopmail.com,Molli.Jerold@gmail.com,developer
128,Flory,Anestassia,Flory.Anestassia@yopmail.com,Flory.Anestassia@gmail.com,doctor
129,Annabela,Karl,Annabela.Karl@yopmail.com,Annabela.Karl@gmail.com,firefighter
130,Pollyanna,Wilona,Pollyanna.Wilona@yopmail.com,Pollyanna.Wilona@gmail.com,doctor
131,Hayley,Camden,Hayley.Camden@yopmail.com,Hayley.Camden@gmail.com,doctor
132,Chere,Gaspard,Chere.Gaspard@yopmail.com,Chere.Gaspard@gmail.com,doctor
133,Annice,Junie,Annice.Junie@yopmail.com,Annice.Junie@gmail.com,developer
134,Aeriela,Alabaster,Aeriela.Alabaster@yopmail.com,Aeriela.Alabaster@gmail.com,police officer
135,Claresta,Jess,Claresta.Jess@yopmail.com,Claresta.Jess@gmail.com,doctor
136,Lacie,Malvino,Lacie.Malvino@yopmail.com,Lacie.Malvino@gmail.com,police officer
137,Britni,Wenda,Britni.Wenda@yopmail.com,Britni.Wenda@gmail.com,firefighter
138,Iseabal,Sigfrid,Iseabal.Sigfrid@yopmail.com,Iseabal.Sigfrid@gmail.com,doctor
139,Celisse,Suanne,Celisse.Suanne@yopmail.com,Celisse.Suanne@gmail.com,worker
140,Chloris,Seessel,Chloris.Seessel@yopmail.com,Chloris.Seessel@gmail.com,doctor
141,Alameda,Caitlin,Alameda.Caitlin@yopmail.com,Alameda.Caitlin@gmail.com,police officer
142,Kimmy,Cecile,Kimmy.Cecile@yopmail.com,Kimmy.Cecile@gmail.com,doctor
143,Dorthy,Abbot,Dorthy.Abbot@yopmail.com,Dorthy.Abbot@gmail.com,firefighter
144,Darlleen,Vanni,Darlleen.Vanni@yopmail.com,Darlleen.Vanni@gmail.com,doctor
145,Kristan,Thornburg,Kristan.Thornburg@yopmail.com,Kristan.Thornburg@gmail.com,developer
146,Bernardine,Kevon,Bernardine.Kevon@yopmail.com,Bernardine.Kevon@gmail.com,firefighter
147,Fanchon,Martsen,Fanchon.Martsen@yopmail.com,Fanchon.Martsen@gmail.com,police officer
148,Asia,Saint,Asia.Saint@yopmail.com,Asia.Saint@gmail.com,worker
149,Janey,Atcliffe,Janey.Atcliffe@yopmail.com,Janey.Atcliffe@gmail.com,police officer
150,Carol-Jean,Kellby,Carol-Jean.Kellby@yopmail.com,Carol-Jean.Kellby@gmail.com,police officer
151,Thalia,Meter,Thalia.Meter@yopmail.com,Thalia.Meter@gmail.com,police officer
152,Meriel,Gwenore,Meriel.Gwenore@yopmail.com,Meriel.Gwenore@gmail.com,developer
153,Donnie,Tayib,Donnie.Tayib@yopmail.com,Donnie.Tayib@gmail.com,developer
154,Gusty,Xerxes,Gusty.Xerxes@yopmail.com,Gusty.Xerxes@gmail.com,police officer
155,Agnese,Berl,Agnese.Berl@yopmail.com,Agnese.Berl@gmail.com,developer
156,Karolina,Maribeth,Karolina.Maribeth@yopmail.com,Karolina.Maribeth@gmail.com,firefighter
157,Hayley,Velick,Hayley.Velick@yopmail.com,Hayley.Velick@gmail.com,doctor
158,Florie,Tatianas,Florie.Tatianas@yopmail.com,Florie.Tatianas@gmail.com,developer
159,Alyssa,Larochelle,Alyssa.Larochelle@yopmail.com,Alyssa.Larochelle@gmail.com,developer
160,Gavrielle,Janith,Gavrielle.Janith@yopmail.com,Gavrielle.Janith@gmail.com,worker
161,Tersina,Yuille,Tersina.Yuille@yopmail.com,Tersina.Yuille@gmail.com,doctor
162,Dorene,Rubie,Dorene.Rubie@yopmail.com,Dorene.Rubie@gmail.com,worker
163,Ardenia,Cleo,Ardenia.Cleo@yopmail.com,Ardenia.Cleo@gmail.com,police officer
164,Lizzie,Faro,Lizzie.Faro@yopmail.com,Lizzie.Faro@gmail.com,worker
165,Hettie,Ursulette,Hettie.Ursulette@yopmail.com,Hettie.Ursulette@gmail.com,police officer
166,Jacquetta,Sparhawk,Jacquetta.Sparhawk@yopmail.com,Jacquetta.Sparhawk@gmail.com,police officer
167,Elfreda,Lorenz,Elfreda.Lorenz@yopmail.com,Elfreda.Lorenz@gmail.com,worker
168,Delilah,Zola,Delilah.Zola@yopmail.com,Delilah.Zola@gmail.com,doctor
169,Gaylene,Juliet,Gaylene.Juliet@yopmail.com,Gaylene.Juliet@gmail.com,developer
170,Raquela,Goddard,Raquela.Goddard@yopmail.com,Raquela.Goddard@gmail.com,police officer
171,Orelia,Maiah,Orelia.Maiah@yopmail.com,Orelia.Maiah@gmail.com,worker
172,Nariko,Arquit,Nariko.Arquit@yopmail.com,Nariko.Arquit@gmail.com,developer
173,Sue,Kaete,Sue.Kaete@yopmail.com,Sue.Kaete@gmail.com,worker
174,Raina,Mullane,Raina.Mullane@yopmail.com,Raina.Mullane@gmail.com,developer
175,Vinita,Mallon,Vinita.Mallon@yopmail.com,Vinita.Mallon@gmail.com,developer
176,Minda,Jammal,Minda.Jammal@yopmail.com,Minda.Jammal@gmail.com,doctor
177,Dale,Brackely,Dale.Brackely@yopmail.com,Dale.Brackely@gmail.com,worker
178,Korrie,Kannry,Korrie.Kannry@yopmail.com,Korrie.Kannry@gmail.com,developer
179,Danny,Ummersen,Danny.Ummersen@yopmail.com,Danny.Ummersen@gmail.com,firefighter
180,Jolyn,McCutcheon,Jolyn.McCutcheon@yopmail.com,Jolyn.McCutcheon@gmail.com,worker
181,Berget,Ellord,Berget.Ellord@yopmail.com,Berget.Ellord@gmail.com,doctor
182,Suzette,Sheedy,Suzette.Sheedy@yopmail.com,Suzette.Sheedy@gmail.com,developer
183,Violet,Goldina,Violet.Goldina@yopmail.com,Violet.Goldina@gmail.com,worker
184,Kayla,Martsen,Kayla.Martsen@yopmail.com,Kayla.Martsen@gmail.com,worker
185,Kaia,Standing,Kaia.Standing@yopmail.com,Kaia.Standing@gmail.com,firefighter
186,Phylis,Valoniah,Phylis.Valoniah@yopmail.com,Phylis.Valoniah@gmail.com,firefighter
187,Jillayne,Schonfeld,Jillayne.Schonfeld@yopmail.com,Jillayne.Schonfeld@gmail.com,worker
188,Candy,Brian,Candy.Brian@yopmail.com,Candy.Brian@gmail.com,developer
189,Emma,Secrest,Emma.Secrest@yopmail.com,Emma.Secrest@gmail.com,firefighter
190,Deane,Pitt,Deane.Pitt@yopmail.com,Deane.Pitt@gmail.com,developer
191,Rebeca,Chaing,Rebeca.Chaing@yopmail.com,Rebeca.Chaing@gmail.com,developer
192,Gavrielle,Brenn,Gavrielle.Brenn@yopmail.com,Gavrielle.Brenn@gmail.com,doctor
193,Rochette,Vastah,Rochette.Vastah@yopmail.com,Rochette.Vastah@gmail.com,police officer
194,Anica,Maples,Anica.Maples@yopmail.com,Anica.Maples@gmail.com,firefighter
195,Ezmeralda,Maroney,Ezmeralda.Maroney@yopmail.com,Ezmeralda.Maroney@gmail.com,firefighter
196,Amara,Ashok,Amara.Ashok@yopmail.com,Amara.Ashok@gmail.com,doctor
197,Brynna,Elvyn,Brynna.Elvyn@yopmail.com,Brynna.Elvyn@gmail.com,developer
198,Fredericka,Burch,Fredericka.Burch@yopmail.com,Fredericka.Burch@gmail.com,developer
199,Myriam,Byrne,Myriam.Byrne@yopmail.com,Myriam.Byrne@gmail.com,developer
200,Sandie,Loeb,Sandie.Loeb@yopmail.com,Sandie.Loeb@gmail.com,firefighter
201,Di,Brieta,Di.Brieta@yopmail.com,Di.Brieta@gmail.com,doctor
202,Sidoney,Liebermann,Sidoney.Liebermann@yopmail.com,Sidoney.Liebermann@gmail.com,firefighter
203,Darlleen,Carolin,Darlleen.Carolin@yopmail.com,Darlleen.Carolin@gmail.com,doctor
204,Shell,Liebermann,Shell.Liebermann@yopmail.com,Shell.Liebermann@gmail.com,developer
205,Liana,Iaverne,Liana.Iaverne@yopmail.com,Liana.Iaverne@gmail.com,worker
206,Jessamyn,Fosque,Jessamyn.Fosque@yopmail.com,Jessamyn.Fosque@gmail.com,police officer
207,Janey,Fitzsimmons,Janey.Fitzsimmons@yopmail.com,Janey.Fitzsimmons@gmail.com,worker
208,Jsandye,Stilwell,Jsandye.Stilwell@yopmail.com,Jsandye.Stilwell@gmail.com,doctor
209,Nicoli,Deegan,Nicoli.Deegan@yopmail.com,Nicoli.Deegan@gmail.com,firefighter
210,Maisey,Harl,Maisey.Harl@yopmail.com,Maisey.Harl@gmail.com,doctor
211,Suzette,Milde,Suzette.Milde@yopmail.com,Suzette.Milde@gmail.com,worker
212,Dorthy,Dielu,Dorthy.Dielu@yopmail.com,Dorthy.Dielu@gmail.com,developer
213,Barbara,Bahr,Barbara.Bahr@yopmail.com,Barbara.Bahr@gmail.com,worker
214,Suzette,Hanleigh,Suzette.Hanleigh@yopmail.com,Suzette.Hanleigh@gmail.com,firefighter
215,Donnie,Manolo,Donnie.Manolo@yopmail.com,Donnie.Manolo@gmail.com,firefighter
216,Georgetta,Denis,Georgetta.Denis@yopmail.com,Georgetta.Denis@gmail.com,firefighter
217,Mathilda,Amand,Mathilda.Amand@yopmail.com,Mathilda.Amand@gmail.com,worker
218,Christian,Maribeth,Christian.Maribeth@yopmail.com,Christian.Maribeth@gmail.com,firefighter
219,Vonny,Girardo,Vonny.Girardo@yopmail.com,Vonny.Girardo@gmail.com,worker
220,Elora,Gaal,Elora.Gaal@yopmail.com,Elora.Gaal@gmail.com,developer
221,Caressa,Briney,Caressa.Briney@yopmail.com,Caressa.Briney@gmail.com,firefighter
222,Marsiella,Weinreb,Marsiella.Weinreb@yopmail.com,Marsiella.Weinreb@gmail.com,worker
223,Gisela,Sophronia,Gisela.Sophronia@yopmail.com,Gisela.Sophronia@gmail.com,doctor
224,Evaleen,Leffen,Evaleen.Leffen@yopmail.com,Evaleen.Leffen@gmail.com,firefighter
225,Livvyy,Stoller,Livvyy.Stoller@yopmail.com,Livvyy.Stoller@gmail.com,doctor
226,Steffane,Tristram,Steffane.Tristram@yopmail.com,Steffane.Tristram@gmail.com,firefighter
227,Yolane,Brieta,Yolane.Brieta@yopmail.com,Yolane.Brieta@gmail.com,worker
228,Ernesta,Ardra,Ernesta.Ardra@yopmail.com,Ernesta.Ardra@gmail.com,doctor
229,Gwenneth,Colbert,Gwenneth.Colbert@yopmail.com,Gwenneth.Colbert@gmail.com,police officer
230,Maisey,Narton,Maisey.Narton@yopmail.com,Maisey.Narton@gmail.com,police officer
231,Lucy,Guthrie,Lucy.Guthrie@yopmail.com,Lucy.Guthrie@gmail.com,firefighter
232,Jean,Keily,Jean.Keily@yopmail.com,Jean.Keily@gmail.com,police officer
233,Kore,Alabaster,Kore.Alabaster@yopmail.com,Kore.Alabaster@gmail.com,doctor
234,Kelly,Odysseus,Kelly.Odysseus@yopmail.com,Kelly.Odysseus@gmail.com,doctor
235,Kore,Alice,Kore.Alice@yopmail.com,Kore.Alice@gmail.com,worker
236,Jaclyn,Marijo,Jaclyn.Marijo@yopmail.com,Jaclyn.Marijo@gmail.com,doctor
237,Regina,Ball,Regina.Ball@yopmail.com,Regina.Ball@gmail.com,doctor
238,Lexine,Flita,Lexine.Flita@yopmail.com,Lexine.Flita@gmail.com,developer
239,Talya,Skurnik,Talya.Skurnik@yopmail.com,Talya.Skurnik@gmail.com,worker
240,Glenda,Niles,Glenda.Niles@yopmail.com,Glenda.Niles@gmail.com,firefighter
241,Tina,Freddi,Tina.Freddi@yopmail.com,Tina.Freddi@gmail.com,police officer
242,Ethel,Anselmi,Ethel.Anselmi@yopmail.com,Ethel.Anselmi@gmail.com,worker
243,Gwyneth,Delp,Gwyneth.Delp@yopmail.com,Gwyneth.Delp@gmail.com,worker
244,Catrina,Earlie,Catrina.Earlie@yopmail.com,Catrina.Earlie@gmail.com,police officer
245,Orsola,Liva,Orsola.Liva@yopmail.com,Orsola.Liva@gmail.com,developer
246,Elie,Ilka,Elie.Ilka@yopmail.com,Elie.Ilka@gmail.com,police officer
247,Shaine,Lilybelle,Shaine.Lilybelle@yopmail.com,Shaine.Lilybelle@gmail.com,firefighter
248,Jillayne,Laurianne,Jillayne.Laurianne@yopmail.com,Jillayne.Laurianne@gmail.com,developer
249,Jemie,Lorain,Jemie.Lorain@yopmail.com,Jemie.Lorain@gmail.com,doctor
250,Gerrie,Lunsford,Gerrie.Lunsford@yopmail.com,Gerrie.Lunsford@gmail.com,doctor
251,Malina,Talia,Malina.Talia@yopmail.com,Malina.Talia@gmail.com,developer
252,Dulce,Tryck,Dulce.Tryck@yopmail.com,Dulce.Tryck@gmail.com,police officer
253,Neila,Fennessy,Neila.Fennessy@yopmail.com,Neila.Fennessy@gmail.com,police officer
254,Elena,Giff,Elena.Giff@yopmail.com,Elena.Giff@gmail.com,worker
255,Fernande,Doig,Fernande.Doig@yopmail.com,Fernande.Doig@gmail.com,firefighter
256,Renae,Maples,Renae.Maples@yopmail.com,Renae.Maples@gmail.com,worker
257,Dotty,Klemperer,Dotty.Klemperer@yopmail.com,Dotty.Klemperer@gmail.com,doctor
258,Katharina,Stelle,Katharina.Stelle@yopmail.com,Katharina.Stelle@gmail.com,police officer
259,Melodie,Poll,Melodie.Poll@yopmail.com,Melodie.Poll@gmail.com,police officer
260,Lanae,Buffum,Lanae.Buffum@yopmail.com,Lanae.Buffum@gmail.com,worker
261,Minda,Tomasina,Minda.Tomasina@yopmail.com,Minda.Tomasina@gmail.com,police officer
262,Oona,Brian,Oona.Brian@yopmail.com,Oona.Brian@gmail.com,developer
263,Roberta,Lesley,Roberta.Lesley@yopmail.com,Roberta.Lesley@gmail.com,worker
264,Carmencita,Alfons,Carmencita.Alfons@yopmail.com,Carmencita.Alfons@gmail.com,worker
265,Arlena,Melan,Arlena.Melan@yopmail.com,Arlena.Melan@gmail.com,worker
266,Brooks,Bollay,Brooks.Bollay@yopmail.com,Brooks.Bollay@gmail.com,doctor
267,Celisse,Taam,Celisse.Taam@yopmail.com,Celisse.Taam@gmail.com,police officer
268,Ana,Leonard,Ana.Leonard@yopmail.com,Ana.Leonard@gmail.com,police officer
269,Marylou,Deny,Marylou.Deny@yopmail.com,Marylou.Deny@gmail.com,doctor
270,Briney,Freddi,Briney.Freddi@yopmail.com,Briney.Freddi@gmail.com,firefighter
271,Rivalee,Orpah,Rivalee.Orpah@yopmail.com,Rivalee.Orpah@gmail.com,developer
272,Edyth,Si,Edyth.Si@yopmail.com,Edyth.Si@gmail.com,doctor
273,Augustine,Yusuk,Augustine.Yusuk@yopmail.com,Augustine.Yusuk@gmail.com,police officer
274,Jenda,Juliet,Jenda.Juliet@yopmail.com,Jenda.Juliet@gmail.com,police officer
275,Anallese,McLaughlin,Anallese.McLaughlin@yopmail.com,Anallese.McLaughlin@gmail.com,worker
276,Meghann,Killigrew,Meghann.Killigrew@yopmail.com,Meghann.Killigrew@gmail.com,police officer
277,Shaylyn,Rugen,Shaylyn.Rugen@yopmail.com,Shaylyn.Rugen@gmail.com,firefighter
278,Marinna,Sheng,Marinna.Sheng@yopmail.com,Marinna.Sheng@gmail.com,developer
279,Zondra,Nelsen,Zondra.Nelsen@yopmail.com,Zondra.Nelsen@gmail.com,doctor
280,Lizzie,Euridice,Lizzie.Euridice@yopmail.com,Lizzie.Euridice@gmail.com,firefighter
281,Rosanne,Bates,Rosanne.Bates@yopmail.com,Rosanne.Bates@gmail.com,firefighter
282,Riannon,Esmaria,Riannon.Esmaria@yopmail.com,Riannon.Esmaria@gmail.com,police officer
283,Corina,Raama,Corina.Raama@yopmail.com,Corina.Raama@gmail.com,firefighter
284,Jan,Newell,Jan.Newell@yopmail.com,Jan.Newell@gmail.com,police officer
285,Bee,Carri,Bee.Carri@yopmail.com,Bee.Carri@gmail.com,firefighter
286,Dede,Japeth,Dede.Japeth@yopmail.com,Dede.Japeth@gmail.com,worker
287,Amara,Suzetta,Amara.Suzetta@yopmail.com,Amara.Suzetta@gmail.com,firefighter
288,Nerta,Pond,Nerta.Pond@yopmail.com,Nerta.Pond@gmail.com,doctor
289,Alameda,Lia,Alameda.Lia@yopmail.com,Alameda.Lia@gmail.com,firefighter
290,Alyda,Destinee,Alyda.Destinee@yopmail.com,Alyda.Destinee@gmail.com,worker
291,Dorene,Fulmer,Dorene.Fulmer@yopmail.com,Dorene.Fulmer@gmail.com,developer
292,Lisette,Klotz,Lisette.Klotz@yopmail.com,Lisette.Klotz@gmail.com,doctor
293,Lita,Lory,Lita.Lory@yopmail.com,Lita.Lory@gmail.com,firefighter
294,Corene,Noelyn,Corene.Noelyn@yopmail.com,Corene.Noelyn@gmail.com,doctor
295,Arlena,Fulmer,Arlena.Fulmer@yopmail.com,Arlena.Fulmer@gmail.com,worker
296,Roslyn,Rugen,Roslyn.Rugen@yopmail.com,Roslyn.Rugen@gmail.com,firefighter
297,Livvyy,Flita,Livvyy.Flita@yopmail.com,Livvyy.Flita@gmail.com,firefighter
298,Agathe,Geffner,Agathe.Geffner@yopmail.com,Agathe.Geffner@gmail.com,police officer
299,Alameda,Friede,Alameda.Friede@yopmail.com,Alameda.Friede@gmail.com,police officer
300,Layla,Harriman,Layla.Harriman@yopmail.com,Layla.Harriman@gmail.com,doctor
301,Corene,Marsden,Corene.Marsden@yopmail.com,Corene.Marsden@gmail.com,developer
302,Hope,Goerke,Hope.Goerke@yopmail.com,Hope.Goerke@gmail.com,police officer
303,Joy,Birdella,Joy.Birdella@yopmail.com,Joy.Birdella@gmail.com,firefighter
304,Marika,Andrel,Marika.Andrel@yopmail.com,Marika.Andrel@gmail.com,worker
305,Gertrud,Franza,Gertrud.Franza@yopmail.com,Gertrud.Franza@gmail.com,developer
306,Elyssa,Hartnett,Elyssa.Hartnett@yopmail.com,Elyssa.Hartnett@gmail.com,doctor
307,Agnese,Philoo,Agnese.Philoo@yopmail.com,Agnese.Philoo@gmail.com,firefighter
308,Jany,Guildroy,Jany.Guildroy@yopmail.com,Jany.Guildroy@gmail.com,doctor
309,Viviene,Decato,Viviene.Decato@yopmail.com,Viviene.Decato@gmail.com,police officer
310,Claudina,Wind,Claudina.Wind@yopmail.com,Claudina.Wind@gmail.com,doctor
311,Lucille,Gavrila,Lucille.Gavrila@yopmail.com,Lucille.Gavrila@gmail.com,doctor
312,Elvira,Corilla,Elvira.Corilla@yopmail.com,Elvira.Corilla@gmail.com,doctor
313,Selma,Maples,Selma.Maples@yopmail.com,Selma.Maples@gmail.com,firefighter
314,Kirstin,Doig,Kirstin.Doig@yopmail.com,Kirstin.Doig@gmail.com,developer
315,Kassey,Gusella,Kassey.Gusella@yopmail.com,Kassey.Gusella@gmail.com,firefighter
316,Winifred,Caitlin,Winifred.Caitlin@yopmail.com,Winifred.Caitlin@gmail.com,developer
317,Harmonia,Loeb,Harmonia.Loeb@yopmail.com,Harmonia.Loeb@gmail.com,firefighter
318,Cam,Rogerio,Cam.Rogerio@yopmail.com,Cam.Rogerio@gmail.com,worker
319,Blinni,Buttaro,Blinni.Buttaro@yopmail.com,Blinni.Buttaro@gmail.com,doctor
320,Xylina,Claudine,Xylina.Claudine@yopmail.com,Xylina.Claudine@gmail.com,doctor
321,Hermione,Dom,Hermione.Dom@yopmail.com,Hermione.Dom@gmail.com,police officer
322,Gabi,Dearborn,Gabi.Dearborn@yopmail.com,Gabi.Dearborn@gmail.com,worker
323,Adelle,Mitzi,Adelle.Mitzi@yopmail.com,Adelle.Mitzi@gmail.com,developer
324,Lucille,Nester,Lucille.Nester@yopmail.com,Lucille.Nester@gmail.com,developer
325,Neila,Larochelle,Neila.Larochelle@yopmail.com,Neila.Larochelle@gmail.com,developer
326,Mureil,Kenney,Mureil.Kenney@yopmail.com,Mureil.Kenney@gmail.com,police officer
327,Dolli,Daegal,Dolli.Daegal@yopmail.com,Dolli.Daegal@gmail.com,worker
328,Dotty,O'Rourke,Dotty.O'Rourke@yopmail.com,Dotty.O'Rourke@gmail.com,doctor
329,Gabriellia,Gaspard,Gabriellia.Gaspard@yopmail.com,Gabriellia.Gaspard@gmail.com,firefighter
330,Kittie,Hollingsworth,Kittie.Hollingsworth@yopmail.com,Kittie.Hollingsworth@gmail.com,police officer
331,Ernesta,Imelida,Ernesta.Imelida@yopmail.com,Ernesta.Imelida@gmail.com,police officer
332,Dale,Madelene,Dale.Madelene@yopmail.com,Dale.Madelene@gmail.com,police officer
333,Rani,Hubert,Rani.Hubert@yopmail.com,Rani.Hubert@gmail.com,police officer
334,Melisent,Ranjiv,Melisent.Ranjiv@yopmail.com,Melisent.Ranjiv@gmail.com,firefighter
335,Reeba,Infield,Reeba.Infield@yopmail.com,Reeba.Infield@gmail.com,worker
336,Sandie,Belanger,Sandie.Belanger@yopmail.com,Sandie.Belanger@gmail.com,firefighter
337,Olwen,Kronfeld,Olwen.Kronfeld@yopmail.com,Olwen.Kronfeld@gmail.com,police officer
338,Wileen,Ambrosia,Wileen.Ambrosia@yopmail.com,Wileen.Ambrosia@gmail.com,worker
339,Layla,Francene,Layla.Francene@yopmail.com,Layla.Francene@gmail.com,worker
340,Trudie,Brackely,Trudie.Brackely@yopmail.com,Trudie.Brackely@gmail.com,police officer
341,Sadie,Bettine,Sadie.Bettine@yopmail.com,Sadie.Bettine@gmail.com,police officer
342,Doro,Maiah,Doro.Maiah@yopmail.com,Doro.Maiah@gmail.com,doctor
343,Blondelle,Sacken,Blondelle.Sacken@yopmail.com,Blondelle.Sacken@gmail.com,firefighter
344,Rayna,Hillel,Rayna.Hillel@yopmail.com,Rayna.Hillel@gmail.com,worker
345,Bobinette,Darian,Bobinette.Darian@yopmail.com,Bobinette.Darian@gmail.com,firefighter
346,Maisey,Anestassia,Maisey.Anestassia@yopmail.com,Maisey.Anestassia@gmail.com,developer
347,Alameda,Rogerio,Alameda.Rogerio@yopmail.com,Alameda.Rogerio@gmail.com,police officer
348,Lucille,Schlosser,Lucille.Schlosser@yopmail.com,Lucille.Schlosser@gmail.com,worker
349,Tina,Fadiman,Tina.Fadiman@yopmail.com,Tina.Fadiman@gmail.com,firefighter
350,Shaine,Darian,Shaine.Darian@yopmail.com,Shaine.Darian@gmail.com,worker
351,Maud,Atonsah,Maud.Atonsah@yopmail.com,Maud.Atonsah@gmail.com,worker
352,Annaliese,Truc,Annaliese.Truc@yopmail.com,Annaliese.Truc@gmail.com,doctor
353,Cacilie,Darbie,Cacilie.Darbie@yopmail.com,Cacilie.Darbie@gmail.com,firefighter
354,Ninnetta,Weaks,Ninnetta.Weaks@yopmail.com,Ninnetta.Weaks@gmail.com,firefighter
355,Rivalee,Joachim,Rivalee.Joachim@yopmail.com,Rivalee.Joachim@gmail.com,doctor
356,Perry,Fink,Perry.Fink@yopmail.com,Perry.Fink@gmail.com,worker
357,Marika,Trinetta,Marika.Trinetta@yopmail.com,Marika.Trinetta@gmail.com,worker
358,Kylynn,Honoria,Kylynn.Honoria@yopmail.com,Kylynn.Honoria@gmail.com,doctor
359,Dorice,Concha,Dorice.Concha@yopmail.com,Dorice.Concha@gmail.com,developer
360,Tressa,Sundin,Tressa.Sundin@yopmail.com,Tressa.Sundin@gmail.com,worker
361,Elfreda,Dannye,Elfreda.Dannye@yopmail.com,Elfreda.Dannye@gmail.com,worker
362,Cassandra,Candy,Cassandra.Candy@yopmail.com,Cassandra.Candy@gmail.com,police officer
363,Lita,Schlosser,Lita.Schlosser@yopmail.com,Lita.Schlosser@gmail.com,doctor
364,Aurelie,Darbie,Aurelie.Darbie@yopmail.com,Aurelie.Darbie@gmail.com,police officer
365,Aeriela,Cynar,Aeriela.Cynar@yopmail.com,Aeriela.Cynar@gmail.com,developer
366,Kayla,Sammons,Kayla.Sammons@yopmail.com,Kayla.Sammons@gmail.com,worker
367,Carree,Talia,Carree.Talia@yopmail.com,Carree.Talia@gmail.com,firefighter
368,Anestassia,Stoller,Anestassia.Stoller@yopmail.com,Anestassia.Stoller@gmail.com,developer
369,Molli,Ader,Molli.Ader@yopmail.com,Molli.Ader@gmail.com,worker
370,Ashlee,Dichy,Ashlee.Dichy@yopmail.com,Ashlee.Dichy@gmail.com,firefighter
371,Ketti,Leopold,Ketti.Leopold@yopmail.com,Ketti.Leopold@gmail.com,firefighter
372,Hollie,Toor,Hollie.Toor@yopmail.com,Hollie.Toor@gmail.com,worker
373,Juliane,Israeli,Juliane.Israeli@yopmail.com,Juliane.Israeli@gmail.com,police officer
374,Brana,Lacombe,Brana.Lacombe@yopmail.com,Brana.Lacombe@gmail.com,worker
375,Renie,Christal,Renie.Christal@yopmail.com,Renie.Christal@gmail.com,police officer
376,Annecorinne,Xerxes,Annecorinne.Xerxes@yopmail.com,Annecorinne.Xerxes@gmail.com,doctor
377,Emelina,Raimondo,Emelina.Raimondo@yopmail.com,Emelina.Raimondo@gmail.com,doctor
378,Adele,Shields,Adele.Shields@yopmail.com,Adele.Shields@gmail.com,police officer
379,Corina,Sabella,Corina.Sabella@yopmail.com,Corina.Sabella@gmail.com,worker
380,Chere,Junie,Chere.Junie@yopmail.com,Chere.Junie@gmail.com,doctor
381,Caritta,Gaynor,Caritta.Gaynor@yopmail.com,Caritta.Gaynor@gmail.com,doctor
382,Charissa,Zeeba,Charissa.Zeeba@yopmail.com,Charissa.Zeeba@gmail.com,police officer
383,Marylou,Standing,Marylou.Standing@yopmail.com,Marylou.Standing@gmail.com,police officer
384,Ketti,Amethist,Ketti.Amethist@yopmail.com,Ketti.Amethist@gmail.com,police officer
385,Starla,Peti,Starla.Peti@yopmail.com,Starla.Peti@gmail.com,developer
386,Nataline,Tarrant,Nataline.Tarrant@yopmail.com,Nataline.Tarrant@gmail.com,police officer
387,Clarice,Anselmi,Clarice.Anselmi@yopmail.com,Clarice.Anselmi@gmail.com,police officer
388,Dorthy,Magnolia,Dorthy.Magnolia@yopmail.com,Dorthy.Magnolia@gmail.com,doctor
389,Annora,Ledah,Annora.Ledah@yopmail.com,Annora.Ledah@gmail.com,worker
390,Mariann,Ulphia,Mariann.Ulphia@yopmail.com,Mariann.Ulphia@gmail.com,developer
391,Taffy,Ventre,Taffy.Ventre@yopmail.com,Taffy.Ventre@gmail.com,firefighter
392,Elbertina,Jess,Elbertina.Jess@yopmail.com,Elbertina.Jess@gmail.com,worker
393,Adriana,Gower,Adriana.Gower@yopmail.com,Adriana.Gower@gmail.com,police officer
394,Zsa Zsa,Raychel,Zsa Zsa.Raychel@yopmail.com,Zsa Zsa.Raychel@gmail.com,worker
395,Jordan,Barney,Jordan.Barney@yopmail.com,Jordan.Barney@gmail.com,developer
396,Lynde,Maroney,Lynde.Maroney@yopmail.com,Lynde.Maroney@gmail.com,police officer
397,Cathyleen,Zeeba,Cathyleen.Zeeba@yopmail.com,Cathyleen.Zeeba@gmail.com,police officer
398,Alia,Rese,Alia.Rese@yopmail.com,Alia.Rese@gmail.com,worker
399,Myriam,Creamer,Myriam.Creamer@yopmail.com,Myriam.Creamer@gmail.com,developer
400,Modestia,Gaspard,Modestia.Gaspard@yopmail.com,Modestia.Gaspard@gmail.com,developer
401,Clarice,Elvyn,Clarice.Elvyn@yopmail.com,Clarice.Elvyn@gmail.com,police officer
402,Hannis,Talia,Hannis.Talia@yopmail.com,Hannis.Talia@gmail.com,developer
403,Valli,Prober,Valli.Prober@yopmail.com,Valli.Prober@gmail.com,firefighter
404,Raina,Prouty,Raina.Prouty@yopmail.com,Raina.Prouty@gmail.com,doctor
405,Raf,Evangelia,Raf.Evangelia@yopmail.com,Raf.Evangelia@gmail.com,police officer
406,Elmira,Devlen,Elmira.Devlen@yopmail.com,Elmira.Devlen@gmail.com,worker
407,Tilly,Aprile,Tilly.Aprile@yopmail.com,Tilly.Aprile@gmail.com,firefighter
408,Lynea,Rolf,Lynea.Rolf@yopmail.com,Lynea.Rolf@gmail.com,police officer
409,Daphne,Llovera,Daphne.Llovera@yopmail.com,Daphne.Llovera@gmail.com,firefighter
410,Elmira,Gualtiero,Elmira.Gualtiero@yopmail.com,Elmira.Gualtiero@gmail.com,doctor
411,Kalina,Meli,Kalina.Meli@yopmail.com,Kalina.Meli@gmail.com,doctor
412,Stacey,Honoria,Stacey.Honoria@yopmail.com,Stacey.Honoria@gmail.com,doctor
413,Jobi,Briney,Jobi.Briney@yopmail.com,Jobi.Briney@gmail.com,worker
414,Nikki,Hartnett,Nikki.Hartnett@yopmail.com,Nikki.Hartnett@gmail.com,worker
415,Sashenka,Lynn,Sashenka.Lynn@yopmail.com,Sashenka.Lynn@gmail.com,developer
416,Nessie,MacIntosh,Nessie.MacIntosh@yopmail.com,Nessie.MacIntosh@gmail.com,firefighter
417,Shaylyn,Mozelle,Shaylyn.Mozelle@yopmail.com,Shaylyn.Mozelle@gmail.com,doctor
418,Tina,Croix,Tina.Croix@yopmail.com,Tina.Croix@gmail.com,worker
419,Binny,Delp,Binny.Delp@yopmail.com,Binny.Delp@gmail.com,police officer
420,Jaime,Rurik,Jaime.Rurik@yopmail.com,Jaime.Rurik@gmail.com,police officer
421,Gratia,Ortrude,Gratia.Ortrude@yopmail.com,Gratia.Ortrude@gmail.com,developer
422,Nerta,Medrek,Nerta.Medrek@yopmail.com,Nerta.Medrek@gmail.com,doctor
423,Cecile,Avi,Cecile.Avi@yopmail.com,Cecile.Avi@gmail.com,doctor
424,Annora,Maples,Annora.Maples@yopmail.com,Annora.Maples@gmail.com,developer
425,Leontine,Trey,Leontine.Trey@yopmail.com,Leontine.Trey@gmail.com,police officer
426,Yolane,Rogerio,Yolane.Rogerio@yopmail.com,Yolane.Rogerio@gmail.com,doctor
427,Caressa,Ingra,Caressa.Ingra@yopmail.com,Caressa.Ingra@gmail.com,developer
428,Edith,Sikorski,Edith.Sikorski@yopmail.com,Edith.Sikorski@gmail.com,firefighter
429,Vonny,Torray,Vonny.Torray@yopmail.com,Vonny.Torray@gmail.com,developer
430,Wilma,Fulmer,Wilma.Fulmer@yopmail.com,Wilma.Fulmer@gmail.com,worker
431,Chastity,Hoban,Chastity.Hoban@yopmail.com,Chastity.Hoban@gmail.com,doctor
432,Celene,Donoghue,Celene.Donoghue@yopmail.com,Celene.Donoghue@gmail.com,police officer
433,Linet,Vivle,Linet.Vivle@yopmail.com,Linet.Vivle@gmail.com,doctor
434,Brynna,Ciapas,Brynna.Ciapas@yopmail.com,Brynna.Ciapas@gmail.com,police officer
435,Anallese,Malvino,Anallese.Malvino@yopmail.com,Anallese.Malvino@gmail.com,developer
436,Cathie,Wyn,Cathie.Wyn@yopmail.com,Cathie.Wyn@gmail.com,developer
437,Olwen,Donoghue,Olwen.Donoghue@yopmail.com,Olwen.Donoghue@gmail.com,firefighter
438,Roz,Nea,Roz.Nea@yopmail.com,Roz.Nea@gmail.com,developer
439,Darlleen,Lilybelle,Darlleen.Lilybelle@yopmail.com,Darlleen.Lilybelle@gmail.com,developer
440,Britni,Smitt,Britni.Smitt@yopmail.com,Britni.Smitt@gmail.com,worker
441,Ezmeralda,Othilia,Ezmeralda.Othilia@yopmail.com,Ezmeralda.Othilia@gmail.com,doctor
442,Lonnie,Medrek,Lonnie.Medrek@yopmail.com,Lonnie.Medrek@gmail.com,police officer
443,Cassandra,Papageno,Cassandra.Papageno@yopmail.com,Cassandra.Papageno@gmail.com,doctor
444,Florie,Gerge,Florie.Gerge@yopmail.com,Florie.Gerge@gmail.com,developer
445,Ashlee,Cecile,Ashlee.Cecile@yopmail.com,Ashlee.Cecile@gmail.com,police officer
446,Beth,Halla,Beth.Halla@yopmail.com,Beth.Halla@gmail.com,doctor
447,Sonni,Hermes,Sonni.Hermes@yopmail.com,Sonni.Hermes@gmail.com,police officer
448,Paulita,Holbrook,Paulita.Holbrook@yopmail.com,Paulita.Holbrook@gmail.com,developer
449,Nelle,Lindemann,Nelle.Lindemann@yopmail.com,Nelle.Lindemann@gmail.com,doctor
450,Karena,Corrine,Karena.Corrine@yopmail.com,Karena.Corrine@gmail.com,doctor
451,Lilith,Tiffa,Lilith.Tiffa@yopmail.com,Lilith.Tiffa@gmail.com,firefighter
452,Esmeralda,Carbo,Esmeralda.Carbo@yopmail.com,Esmeralda.Carbo@gmail.com,firefighter
453,Danika,Emmaline,Danika.Emmaline@yopmail.com,Danika.Emmaline@gmail.com,worker
454,Lynea,Alabaster,Lynea.Alabaster@yopmail.com,Lynea.Alabaster@gmail.com,police officer
455,Zia,Cosenza,Zia.Cosenza@yopmail.com,Zia.Cosenza@gmail.com,worker
456,Ardenia,Phaidra,Ardenia.Phaidra@yopmail.com,Ardenia.Phaidra@gmail.com,police officer
457,Belva,Rosalba,Belva.Rosalba@yopmail.com,Belva.Rosalba@gmail.com,doctor
458,Linet,Nedrud,Linet.Nedrud@yopmail.com,Linet.Nedrud@gmail.com,firefighter
459,Kayla,Zina,Kayla.Zina@yopmail.com,Kayla.Zina@gmail.com,worker
460,Moyna,Codding,Moyna.Codding@yopmail.com,Moyna.Codding@gmail.com,worker
461,Nita,Elvyn,Nita.Elvyn@yopmail.com,Nita.Elvyn@gmail.com,developer
462,Bill,Avi,Bill.Avi@yopmail.com,Bill.Avi@gmail.com,doctor
463,Genevra,Smitt,Genevra.Smitt@yopmail.com,Genevra.Smitt@gmail.com,police officer
464,Christy,Erskine,Christy.Erskine@yopmail.com,Christy.Erskine@gmail.com,firefighter
465,Neila,Schwejda,Neila.Schwejda@yopmail.com,Neila.Schwejda@gmail.com,developer
466,Jeanna,Jerold,Jeanna.Jerold@yopmail.com,Jeanna.Jerold@gmail.com,police officer
467,Britni,Phyllis,Britni.Phyllis@yopmail.com,Britni.Phyllis@gmail.com,developer
468,Kristan,Posner,Kristan.Posner@yopmail.com,Kristan.Posner@gmail.com,doctor
469,Dari,Thar,Dari.Thar@yopmail.com,Dari.Thar@gmail.com,developer
470,Lexine,Verger,Lexine.Verger@yopmail.com,Lexine.Verger@gmail.com,doctor
471,Eugine,Rheingold,Eugine.Rheingold@yopmail.com,Eugine.Rheingold@gmail.com,worker
472,Janey,Felecia,Janey.Felecia@yopmail.com,Janey.Felecia@gmail.com,worker
473,Shaine,Jehu,Shaine.Jehu@yopmail.com,Shaine.Jehu@gmail.com,developer
474,Livvyy,Seumas,Livvyy.Seumas@yopmail.com,Livvyy.Seumas@gmail.com,police officer
475,Ileana,Kenwood,Ileana.Kenwood@yopmail.com,Ileana.Kenwood@gmail.com,developer
476,Ursulina,Shirberg,Ursulina.Shirberg@yopmail.com,Ursulina.Shirberg@gmail.com,worker
477,Judy,Joli,Judy.Joli@yopmail.com,Judy.Joli@gmail.com,worker
478,Maridel,Bari,Maridel.Bari@yopmail.com,Maridel.Bari@gmail.com,developer
479,Wynne,Zamora,Wynne.Zamora@yopmail.com,Wynne.Zamora@gmail.com,developer
480,Roseline,Hazlett,Roseline.Hazlett@yopmail.com,Roseline.Hazlett@gmail.com,developer
481,Roxane,Justinn,Roxane.Justinn@yopmail.com,Roxane.Justinn@gmail.com,worker
482,Josephine,Granoff,Josephine.Granoff@yopmail.com,Josephine.Granoff@gmail.com,worker
483,Veda,Sinegold,Veda.Sinegold@yopmail.com,Veda.Sinegold@gmail.com,police officer
484,Kamilah,Lenny,Kamilah.Lenny@yopmail.com,Kamilah.Lenny@gmail.com,worker
485,Margalo,Blase,Margalo.Blase@yopmail.com,Margalo.Blase@gmail.com,firefighter
486,Corry,Sheng,Corry.Sheng@yopmail.com,Corry.Sheng@gmail.com,worker
487,Codie,Johanna,Codie.Johanna@yopmail.com,Codie.Johanna@gmail.com,worker
488,Jordan,Israeli,Jordan.Israeli@yopmail.com,Jordan.Israeli@gmail.com,doctor
489,Kittie,Cohdwell,Kittie.Cohdwell@yopmail.com,Kittie.Cohdwell@gmail.com,doctor
490,Angela,Delila,Angela.Delila@yopmail.com,Angela.Delila@gmail.com,worker
491,Alleen,Docilla,Alleen.Docilla@yopmail.com,Alleen.Docilla@gmail.com,doctor
492,Larine,Delila,Larine.Delila@yopmail.com,Larine.Delila@gmail.com,firefighter
493,Kaia,Demitria,Kaia.Demitria@yopmail.com,Kaia.Demitria@gmail.com,firefighter
494,Emylee,Jena,Emylee.Jena@yopmail.com,Emylee.Jena@gmail.com,firefighter
495,Lelah,Lauraine,Lelah.Lauraine@yopmail.com,Lelah.Lauraine@gmail.com,developer
496,Maud,Ortrude,Maud.Ortrude@yopmail.com,Maud.Ortrude@gmail.com,doctor
497,Ira,Ursulette,Ira.Ursulette@yopmail.com,Ira.Ursulette@gmail.com,firefighter
498,Kerrin,Winthorpe,Kerrin.Winthorpe@yopmail.com,Kerrin.Winthorpe@gmail.com,doctor
499,Wanda,Brodench,Wanda.Brodench@yopmail.com,Wanda.Brodench@gmail.com,doctor
500,Kary,Han,Kary.Han@yopmail.com,Kary.Han@gmail.com,worker
501,Lilith,Latini,Lilith.Latini@yopmail.com,Lilith.Latini@gmail.com,developer
502,Jessamyn,Secrest,Jessamyn.Secrest@yopmail.com,Jessamyn.Secrest@gmail.com,firefighter
503,Sybille,Pandolfi,Sybille.Pandolfi@yopmail.com,Sybille.Pandolfi@gmail.com,developer
504,Riannon,McNully,Riannon.McNully@yopmail.com,Riannon.McNully@gmail.com,developer
505,Calla,Lorain,Calla.Lorain@yopmail.com,Calla.Lorain@gmail.com,worker
506,Donnie,Elo,Donnie.Elo@yopmail.com,Donnie.Elo@gmail.com,worker
507,Christal,Fiester,Christal.Fiester@yopmail.com,Christal.Fiester@gmail.com,police officer
508,Dianemarie,Wenoa,Dianemarie.Wenoa@yopmail.com,Dianemarie.Wenoa@gmail.com,doctor
509,Dede,Parette,Dede.Parette@yopmail.com,Dede.Parette@gmail.com,police officer
510,Beth,Baylor,Beth.Baylor@yopmail.com,Beth.Baylor@gmail.com,developer
511,Minne,Eno,Minne.Eno@yopmail.com,Minne.Eno@gmail.com,police officer
512,Kimberley,Jeanne,Kimberley.Jeanne@yopmail.com,Kimberley.Jeanne@gmail.com,firefighter
513,Averyl,Tamsky,Averyl.Tamsky@yopmail.com,Averyl.Tamsky@gmail.com,firefighter
514,Shannah,Harned,Shannah.Harned@yopmail.com,Shannah.Harned@gmail.com,developer
515,Etta,Bollay,Etta.Bollay@yopmail.com,Etta.Bollay@gmail.com,firefighter
516,Shaylyn,Blisse,Shaylyn.Blisse@yopmail.com,Shaylyn.Blisse@gmail.com,worker
517,Charlena,Gaynor,Charlena.Gaynor@yopmail.com,Charlena.Gaynor@gmail.com,police officer
518,Ariela,Kat,Ariela.Kat@yopmail.com,Ariela.Kat@gmail.com,developer
519,June,Judye,June.Judye@yopmail.com,June.Judye@gmail.com,developer
520,Jacquetta,Mallon,Jacquetta.Mallon@yopmail.com,Jacquetta.Mallon@gmail.com,doctor
521,Silvana,Dichy,Silvana.Dichy@yopmail.com,Silvana.Dichy@gmail.com,firefighter
522,Marjie,Nelsen,Marjie.Nelsen@yopmail.com,Marjie.Nelsen@gmail.com,police officer
523,Bettine,Colyer,Bettine.Colyer@yopmail.com,Bettine.Colyer@gmail.com,firefighter
524,Heida,Margret,Heida.Margret@yopmail.com,Heida.Margret@gmail.com,worker
525,Laurene,Kalinda,Laurene.Kalinda@yopmail.com,Laurene.Kalinda@gmail.com,doctor
526,Sophia,Urania,Sophia.Urania@yopmail.com,Sophia.Urania@gmail.com,firefighter
527,Gale,Ortrude,Gale.Ortrude@yopmail.com,Gale.Ortrude@gmail.com,doctor
528,Brandise,Seagraves,Brandise.Seagraves@yopmail.com,Brandise.Seagraves@gmail.com,police officer
529,Marika,Jerald,Marika.Jerald@yopmail.com,Marika.Jerald@gmail.com,developer
530,Wilma,Kendrick,Wilma.Kendrick@yopmail.com,Wilma.Kendrick@gmail.com,worker
531,Ingrid,Wareing,Ingrid.Wareing@yopmail.com,Ingrid.Wareing@gmail.com,doctor
532,Ofilia,Goldina,Ofilia.Goldina@yopmail.com,Ofilia.Goldina@gmail.com,firefighter
533,Debee,My,Debee.My@yopmail.com,Debee.My@gmail.com,police officer
534,Aaren,Bigner,Aaren.Bigner@yopmail.com,Aaren.Bigner@gmail.com,developer
535,Alex,Meli,Alex.Meli@yopmail.com,Alex.Meli@gmail.com,developer
536,Dorthy,Revkah,Dorthy.Revkah@yopmail.com,Dorthy.Revkah@gmail.com,developer
537,Molli,Dawkins,Molli.Dawkins@yopmail.com,Molli.Dawkins@gmail.com,police officer
538,Lolita,Weide,Lolita.Weide@yopmail.com,Lolita.Weide@gmail.com,developer
539,Delilah,Callista,Delilah.Callista@yopmail.com,Delilah.Callista@gmail.com,doctor
540,Jackie,Faria,Jackie.Faria@yopmail.com,Jackie.Faria@gmail.com,police officer
541,Hope,Celestine,Hope.Celestine@yopmail.com,Hope.Celestine@gmail.com,police officer
542,Clary,Donell,Clary.Donell@yopmail.com,Clary.Donell@gmail.com,police officer
543,Keelia,Remmer,Keelia.Remmer@yopmail.com,Keelia.Remmer@gmail.com,police officer
544,Rozele,Anderea,Rozele.Anderea@yopmail.com,Rozele.Anderea@gmail.com,doctor
545,Kenna,Ioab,Kenna.Ioab@yopmail.com,Kenna.Ioab@gmail.com,worker
546,Annice,Gaulin,Annice.Gaulin@yopmail.com,Annice.Gaulin@gmail.com,worker
547,Ayn,Berne,Ayn.Berne@yopmail.com,Ayn.Berne@gmail.com,worker
548,Helena,Tacye,Helena.Tacye@yopmail.com,Helena.Tacye@gmail.com,developer
549,Doro,Chapland,Doro.Chapland@yopmail.com,Doro.Chapland@gmail.com,developer
550,Odessa,Dex,Odessa.Dex@yopmail.com,Odessa.Dex@gmail.com,worker
551,Layla,Erlandson,Layla.Erlandson@yopmail.com,Layla.Erlandson@gmail.com,police officer
552,Gianina,Edison,Gianina.Edison@yopmail.com,Gianina.Edison@gmail.com,firefighter
553,Claudina,Ax,Claudina.Ax@yopmail.com,Claudina.Ax@gmail.com,police officer
554,Charlena,Dielu,Charlena.Dielu@yopmail.com,Charlena.Dielu@gmail.com,firefighter
555,Abbie,Vale,Abbie.Vale@yopmail.com,Abbie.Vale@gmail.com,police officer
556,Regina,Zaslow,Regina.Zaslow@yopmail.com,Regina.Zaslow@gmail.com,developer
557,Andeee,Nahum,Andeee.Nahum@yopmail.com,Andeee.Nahum@gmail.com,police officer
558,Raf,Agle,Raf.Agle@yopmail.com,Raf.Agle@gmail.com,police officer
559,Jasmina,Couture,Jasmina.Couture@yopmail.com,Jasmina.Couture@gmail.com,police officer
560,Raquela,Couture,Raquela.Couture@yopmail.com,Raquela.Couture@gmail.com,firefighter
561,Dari,Screens,Dari.Screens@yopmail.com,Dari.Screens@gmail.com,firefighter
562,Laurene,Alisia,Laurene.Alisia@yopmail.com,Laurene.Alisia@gmail.com,police officer
563,Gretal,Zaslow,Gretal.Zaslow@yopmail.com,Gretal.Zaslow@gmail.com,police officer
564,Merry,Nea,Merry.Nea@yopmail.com,Merry.Nea@gmail.com,firefighter
565,Donetta,Corrine,Donetta.Corrine@yopmail.com,Donetta.Corrine@gmail.com,firefighter
566,Oralee,Atcliffe,Oralee.Atcliffe@yopmail.com,Oralee.Atcliffe@gmail.com,developer
567,Janey,Daegal,Janey.Daegal@yopmail.com,Janey.Daegal@gmail.com,worker
568,Arlena,Ethban,Arlena.Ethban@yopmail.com,Arlena.Ethban@gmail.com,developer
569,Jasmina,Mallon,Jasmina.Mallon@yopmail.com,Jasmina.Mallon@gmail.com,firefighter
570,Shirlee,Shama,Shirlee.Shama@yopmail.com,Shirlee.Shama@gmail.com,worker
571,Ariela,Bergman,Ariela.Bergman@yopmail.com,Ariela.Bergman@gmail.com,firefighter
572,Ira,Emanuel,Ira.Emanuel@yopmail.com,Ira.Emanuel@gmail.com,worker
573,Tami,Orelee,Tami.Orelee@yopmail.com,Tami.Orelee@gmail.com,police officer
574,Cindelyn,Montgomery,Cindelyn.Montgomery@yopmail.com,Cindelyn.Montgomery@gmail.com,developer
575,Florencia,Rubie,Florencia.Rubie@yopmail.com,Florencia.Rubie@gmail.com,police officer
576,Annora,Fairweather,Annora.Fairweather@yopmail.com,Annora.Fairweather@gmail.com,doctor
577,Louella,Drus,Louella.Drus@yopmail.com,Louella.Drus@gmail.com,doctor
578,Jan,Malvino,Jan.Malvino@yopmail.com,Jan.Malvino@gmail.com,doctor
579,Zaria,Hillel,Zaria.Hillel@yopmail.com,Zaria.Hillel@gmail.com,firefighter
580,Aimil,Ovid,Aimil.Ovid@yopmail.com,Aimil.Ovid@gmail.com,firefighter
581,Ruthe,Kevon,Ruthe.Kevon@yopmail.com,Ruthe.Kevon@gmail.com,doctor
582,Jenilee,Terrence,Jenilee.Terrence@yopmail.com,Jenilee.Terrence@gmail.com,doctor
583,Cherrita,Schonfeld,Cherrita.Schonfeld@yopmail.com,Cherrita.Schonfeld@gmail.com,developer
584,Gerrie,Zenas,Gerrie.Zenas@yopmail.com,Gerrie.Zenas@gmail.com,doctor
585,Bobbi,Brunell,Bobbi.Brunell@yopmail.com,Bobbi.Brunell@gmail.com,doctor
586,Joceline,Bord,Joceline.Bord@yopmail.com,Joceline.Bord@gmail.com,developer
587,Camile,Sophronia,Camile.Sophronia@yopmail.com,Camile.Sophronia@gmail.com,firefighter
588,Diena,Sprage,Diena.Sprage@yopmail.com,Diena.Sprage@gmail.com,doctor
589,Mallory,Felecia,Mallory.Felecia@yopmail.com,Mallory.Felecia@gmail.com,police officer
590,Gusella,Nester,Gusella.Nester@yopmail.com,Gusella.Nester@gmail.com,developer
591,Lucy,Burkle,Lucy.Burkle@yopmail.com,Lucy.Burkle@gmail.com,doctor
592,Edyth,LaRue,Edyth.LaRue@yopmail.com,Edyth.LaRue@gmail.com,police officer
593,Krystle,Wu,Krystle.Wu@yopmail.com,Krystle.Wu@gmail.com,firefighter
594,Belva,Keily,Belva.Keily@yopmail.com,Belva.Keily@gmail.com,developer
595,Joy,Macey,Joy.Macey@yopmail.com,Joy.Macey@gmail.com,police officer
596,Millie,Nester,Millie.Nester@yopmail.com,Millie.Nester@gmail.com,developer
597,Ingrid,Urias,Ingrid.Urias@yopmail.com,Ingrid.Urias@gmail.com,developer
598,Fanny,Margarete,Fanny.Margarete@yopmail.com,Fanny.Margarete@gmail.com,police officer
599,Selia,Aprile,Selia.Aprile@yopmail.com,Selia.Aprile@gmail.com,doctor
600,Andeee,Muriel,Andeee.Muriel@yopmail.com,Andeee.Muriel@gmail.com,doctor
601,Gretal,Giule,Gretal.Giule@yopmail.com,Gretal.Giule@gmail.com,police officer
602,Lizzie,Thema,Lizzie.Thema@yopmail.com,Lizzie.Thema@gmail.com,police officer
603,Genevra,Florina,Genevra.Florina@yopmail.com,Genevra.Florina@gmail.com,police officer
604,Mamie,Michella,Mamie.Michella@yopmail.com,Mamie.Michella@gmail.com,firefighter
605,Fina,Ariella,Fina.Ariella@yopmail.com,Fina.Ariella@gmail.com,developer
606,Almeta,Ferino,Almeta.Ferino@yopmail.com,Almeta.Ferino@gmail.com,developer
607,Aeriela,Thilda,Aeriela.Thilda@yopmail.com,Aeriela.Thilda@gmail.com,worker
608,Hope,Paine,Hope.Paine@yopmail.com,Hope.Paine@gmail.com,police officer
609,Michaelina,Libna,Michaelina.Libna@yopmail.com,Michaelina.Libna@gmail.com,worker
610,Kirbee,Dorine,Kirbee.Dorine@yopmail.com,Kirbee.Dorine@gmail.com,doctor
611,Jackie,Peg,Jackie.Peg@yopmail.com,Jackie.Peg@gmail.com,developer
612,Liana,Pelagias,Liana.Pelagias@yopmail.com,Liana.Pelagias@gmail.com,doctor
613,Jackie,Emanuel,Jackie.Emanuel@yopmail.com,Jackie.Emanuel@gmail.com,doctor
614,Ivett,Ciapas,Ivett.Ciapas@yopmail.com,Ivett.Ciapas@gmail.com,doctor
615,Alex,Mott,Alex.Mott@yopmail.com,Alex.Mott@gmail.com,police officer
616,Paola,Niccolo,Paola.Niccolo@yopmail.com,Paola.Niccolo@gmail.com,firefighter
617,Kara-Lynn,Duwalt,Kara-Lynn.Duwalt@yopmail.com,Kara-Lynn.Duwalt@gmail.com,doctor
618,Pearline,Tayib,Pearline.Tayib@yopmail.com,Pearline.Tayib@gmail.com,developer
619,Livvyy,Hylan,Livvyy.Hylan@yopmail.com,Livvyy.Hylan@gmail.com,developer
620,Ebonee,Munn,Ebonee.Munn@yopmail.com,Ebonee.Munn@gmail.com,firefighter
621,Maisey,Papageno,Maisey.Papageno@yopmail.com,Maisey.Papageno@gmail.com,doctor
622,Rebeca,Burkle,Rebeca.Burkle@yopmail.com,Rebeca.Burkle@gmail.com,worker
623,Amalie,Bigner,Amalie.Bigner@yopmail.com,Amalie.Bigner@gmail.com,doctor
624,Joy,Skurnik,Joy.Skurnik@yopmail.com,Joy.Skurnik@gmail.com,firefighter
625,Phedra,Capello,Phedra.Capello@yopmail.com,Phedra.Capello@gmail.com,developer
626,Adelle,Halla,Adelle.Halla@yopmail.com,Adelle.Halla@gmail.com,police officer
627,Adelle,Darrell,Adelle.Darrell@yopmail.com,Adelle.Darrell@gmail.com,developer
628,Riannon,Masao,Riannon.Masao@yopmail.com,Riannon.Masao@gmail.com,worker
629,Rori,Maurine,Rori.Maurine@yopmail.com,Rori.Maurine@gmail.com,firefighter
630,Shell,Greyson,Shell.Greyson@yopmail.com,Shell.Greyson@gmail.com,firefighter
631,Layla,Lytton,Layla.Lytton@yopmail.com,Layla.Lytton@gmail.com,developer
632,Selma,Lane,Selma.Lane@yopmail.com,Selma.Lane@gmail.com,worker
633,Dorothy,Pond,Dorothy.Pond@yopmail.com,Dorothy.Pond@gmail.com,police officer
634,Brandise,Presber,Brandise.Presber@yopmail.com,Brandise.Presber@gmail.com,developer
635,Renae,Maroney,Renae.Maroney@yopmail.com,Renae.Maroney@gmail.com,firefighter
636,Nita,Bakerman,Nita.Bakerman@yopmail.com,Nita.Bakerman@gmail.com,developer
637,Tilly,Evangelia,Tilly.Evangelia@yopmail.com,Tilly.Evangelia@gmail.com,worker
638,Mireielle,Pearse,Mireielle.Pearse@yopmail.com,Mireielle.Pearse@gmail.com,developer
639,Lily,Poll,Lily.Poll@yopmail.com,Lily.Poll@gmail.com,police officer
640,Doro,Fancie,Doro.Fancie@yopmail.com,Doro.Fancie@gmail.com,worker
641,Juliane,Dannye,Juliane.Dannye@yopmail.com,Juliane.Dannye@gmail.com,worker
642,Kirbee,Avi,Kirbee.Avi@yopmail.com,Kirbee.Avi@gmail.com,developer
643,Dominga,Cornelia,Dominga.Cornelia@yopmail.com,Dominga.Cornelia@gmail.com,doctor
644,Roz,Pattin,Roz.Pattin@yopmail.com,Roz.Pattin@gmail.com,police officer
645,Alia,Sigfrid,Alia.Sigfrid@yopmail.com,Alia.Sigfrid@gmail.com,police officer
646,Claudina,Fredi,Claudina.Fredi@yopmail.com,Claudina.Fredi@gmail.com,firefighter
647,Jasmina,Klotz,Jasmina.Klotz@yopmail.com,Jasmina.Klotz@gmail.com,doctor
648,Kial,Wittie,Kial.Wittie@yopmail.com,Kial.Wittie@gmail.com,firefighter
649,Micheline,Stelle,Micheline.Stelle@yopmail.com,Micheline.Stelle@gmail.com,doctor
650,Lucy,Stephie,Lucy.Stephie@yopmail.com,Lucy.Stephie@gmail.com,worker
651,Desirae,Garrison,Desirae.Garrison@yopmail.com,Desirae.Garrison@gmail.com,police officer
652,Devina,Marlie,Devina.Marlie@yopmail.com,Devina.Marlie@gmail.com,firefighter
653,Tonia,Santoro,Tonia.Santoro@yopmail.com,Tonia.Santoro@gmail.com,firefighter
654,Silvana,Ashok,Silvana.Ashok@yopmail.com,Silvana.Ashok@gmail.com,police officer
655,Alie,Astra,Alie.Astra@yopmail.com,Alie.Astra@gmail.com,doctor
656,Harrietta,Alfons,Harrietta.Alfons@yopmail.com,Harrietta.Alfons@gmail.com,firefighter
657,Tabbatha,Cloris,Tabbatha.Cloris@yopmail.com,Tabbatha.Cloris@gmail.com,developer
658,Kara-Lynn,Flita,Kara-Lynn.Flita@yopmail.com,Kara-Lynn.Flita@gmail.com,doctor
659,Sidoney,Uund,Sidoney.Uund@yopmail.com,Sidoney.Uund@gmail.com,firefighter
660,Charlena,Stanwood,Charlena.Stanwood@yopmail.com,Charlena.Stanwood@gmail.com,developer
661,Michaelina,Noelyn,Michaelina.Noelyn@yopmail.com,Michaelina.Noelyn@gmail.com,worker
662,Cam,Egbert,Cam.Egbert@yopmail.com,Cam.Egbert@gmail.com,firefighter
663,Gilligan,Dimitris,Gilligan.Dimitris@yopmail.com,Gilligan.Dimitris@gmail.com,firefighter
664,Vevay,Garlinda,Vevay.Garlinda@yopmail.com,Vevay.Garlinda@gmail.com,developer
665,Melina,Sharl,Melina.Sharl@yopmail.com,Melina.Sharl@gmail.com,worker
666,Chloris,Borrell,Chloris.Borrell@yopmail.com,Chloris.Borrell@gmail.com,doctor
667,Jsandye,Montgomery,Jsandye.Montgomery@yopmail.com,Jsandye.Montgomery@gmail.com,developer
668,Gabriellia,Jacinda,Gabriellia.Jacinda@yopmail.com,Gabriellia.Jacinda@gmail.com,firefighter
669,Ayn,Nikaniki,Ayn.Nikaniki@yopmail.com,Ayn.Nikaniki@gmail.com,developer
670,Blake,Claudine,Blake.Claudine@yopmail.com,Blake.Claudine@gmail.com,doctor
671,Sharlene,Roumell,Sharlene.Roumell@yopmail.com,Sharlene.Roumell@gmail.com,firefighter
672,Renae,Anselmi,Renae.Anselmi@yopmail.com,Renae.Anselmi@gmail.com,firefighter
673,Clarice,Olin,Clarice.Olin@yopmail.com,Clarice.Olin@gmail.com,doctor
674,Elora,Macey,Elora.Macey@yopmail.com,Elora.Macey@gmail.com,doctor
675,Elka,Weitman,Elka.Weitman@yopmail.com,Elka.Weitman@gmail.com,developer
676,Nadine,Merell,Nadine.Merell@yopmail.com,Nadine.Merell@gmail.com,police officer
677,Wilma,Longfellow,Wilma.Longfellow@yopmail.com,Wilma.Longfellow@gmail.com,doctor
678,Lusa,Killigrew,Lusa.Killigrew@yopmail.com,Lusa.Killigrew@gmail.com,doctor
679,Chastity,Nahum,Chastity.Nahum@yopmail.com,Chastity.Nahum@gmail.com,police officer
680,Amalie,Toor,Amalie.Toor@yopmail.com,Amalie.Toor@gmail.com,firefighter
681,Rebeca,Goode,Rebeca.Goode@yopmail.com,Rebeca.Goode@gmail.com,doctor
682,Anthia,Annabella,Anthia.Annabella@yopmail.com,Anthia.Annabella@gmail.com,developer
683,Hollie,Monaco,Hollie.Monaco@yopmail.com,Hollie.Monaco@gmail.com,developer
684,Marcy,Mintz,Marcy.Mintz@yopmail.com,Marcy.Mintz@gmail.com,firefighter
685,Layla,Marcellus,Layla.Marcellus@yopmail.com,Layla.Marcellus@gmail.com,worker
686,Kaia,Saint,Kaia.Saint@yopmail.com,Kaia.Saint@gmail.com,worker
687,Lucy,Sparhawk,Lucy.Sparhawk@yopmail.com,Lucy.Sparhawk@gmail.com,police officer
688,Edith,Wyn,Edith.Wyn@yopmail.com,Edith.Wyn@gmail.com,doctor
689,Tami,Gilbertson,Tami.Gilbertson@yopmail.com,Tami.Gilbertson@gmail.com,doctor
690,Marcy,Riva,Marcy.Riva@yopmail.com,Marcy.Riva@gmail.com,worker
691,Lexine,Boehike,Lexine.Boehike@yopmail.com,Lexine.Boehike@gmail.com,doctor
692,Vivia,Concha,Vivia.Concha@yopmail.com,Vivia.Concha@gmail.com,police officer
693,Bertine,Seumas,Bertine.Seumas@yopmail.com,Bertine.Seumas@gmail.com,doctor
694,Sabina,Hanshaw,Sabina.Hanshaw@yopmail.com,Sabina.Hanshaw@gmail.com,worker
695,Jany,Phaidra,Jany.Phaidra@yopmail.com,Jany.Phaidra@gmail.com,police officer
696,Darci,Rugen,Darci.Rugen@yopmail.com,Darci.Rugen@gmail.com,firefighter
697,Adore,Myrilla,Adore.Myrilla@yopmail.com,Adore.Myrilla@gmail.com,developer
698,Siana,Mott,Siana.Mott@yopmail.com,Siana.Mott@gmail.com,firefighter
699,Tierney,Bivins,Tierney.Bivins@yopmail.com,Tierney.Bivins@gmail.com,doctor
700,Estell,Tengdin,Estell.Tengdin@yopmail.com,Estell.Tengdin@gmail.com,doctor
701,Debee,Greyson,Debee.Greyson@yopmail.com,Debee.Greyson@gmail.com,doctor
702,Rosaline,Hirsch,Rosaline.Hirsch@yopmail.com,Rosaline.Hirsch@gmail.com,doctor
703,Chandra,Isidore,Chandra.Isidore@yopmail.com,Chandra.Isidore@gmail.com,developer
704,Joeann,Dominy,Joeann.Dominy@yopmail.com,Joeann.Dominy@gmail.com,doctor
705,Jenilee,Rebecka,Jenilee.Rebecka@yopmail.com,Jenilee.Rebecka@gmail.com,firefighter
706,Katharina,Chinua,Katharina.Chinua@yopmail.com,Katharina.Chinua@gmail.com,worker
707,Berta,Suk,Berta.Suk@yopmail.com,Berta.Suk@gmail.com,developer
708,Gerianna,Thomasina,Gerianna.Thomasina@yopmail.com,Gerianna.Thomasina@gmail.com,firefighter
709,Orsola,Greyson,Orsola.Greyson@yopmail.com,Orsola.Greyson@gmail.com,police officer
710,Camile,Reneta,Camile.Reneta@yopmail.com,Camile.Reneta@gmail.com,police officer
711,Damaris,Natica,Damaris.Natica@yopmail.com,Damaris.Natica@gmail.com,worker
712,Violet,Weaks,Violet.Weaks@yopmail.com,Violet.Weaks@gmail.com,worker
713,Nita,Forrer,Nita.Forrer@yopmail.com,Nita.Forrer@gmail.com,firefighter
714,Vita,Jarib,Vita.Jarib@yopmail.com,Vita.Jarib@gmail.com,police officer
715,Winny,Lory,Winny.Lory@yopmail.com,Winny.Lory@gmail.com,developer
716,Jemie,Aida,Jemie.Aida@yopmail.com,Jemie.Aida@gmail.com,police officer
717,Correy,Wilona,Correy.Wilona@yopmail.com,Correy.Wilona@gmail.com,developer
718,Ayn,Parette,Ayn.Parette@yopmail.com,Ayn.Parette@gmail.com,police officer
719,Rhoda,Harl,Rhoda.Harl@yopmail.com,Rhoda.Harl@gmail.com,doctor
720,Carly,Adore,Carly.Adore@yopmail.com,Carly.Adore@gmail.com,worker
721,Nessie,Ambrosia,Nessie.Ambrosia@yopmail.com,Nessie.Ambrosia@gmail.com,developer
722,Ana,Corrine,Ana.Corrine@yopmail.com,Ana.Corrine@gmail.com,police officer
723,Diena,Devlen,Diena.Devlen@yopmail.com,Diena.Devlen@gmail.com,police officer
724,Giustina,Dex,Giustina.Dex@yopmail.com,Giustina.Dex@gmail.com,worker
725,Anestassia,Florina,Anestassia.Florina@yopmail.com,Anestassia.Florina@gmail.com,firefighter
726,Yvonne,Gladstone,Yvonne.Gladstone@yopmail.com,Yvonne.Gladstone@gmail.com,worker
727,Vivia,Bohlin,Vivia.Bohlin@yopmail.com,Vivia.Bohlin@gmail.com,firefighter
728,Justinn,Urania,Justinn.Urania@yopmail.com,Justinn.Urania@gmail.com,police officer
729,Mildrid,Screens,Mildrid.Screens@yopmail.com,Mildrid.Screens@gmail.com,doctor
730,Mara,Gwenore,Mara.Gwenore@yopmail.com,Mara.Gwenore@gmail.com,police officer
731,Jacquetta,Cath,Jacquetta.Cath@yopmail.com,Jacquetta.Cath@gmail.com,doctor
732,Tami,Lory,Tami.Lory@yopmail.com,Tami.Lory@gmail.com,firefighter
733,Thalia,Raseda,Thalia.Raseda@yopmail.com,Thalia.Raseda@gmail.com,worker
734,Julieta,Reneta,Julieta.Reneta@yopmail.com,Julieta.Reneta@gmail.com,police officer
735,Lorenza,Glenden,Lorenza.Glenden@yopmail.com,Lorenza.Glenden@gmail.com,developer
736,Annecorinne,Braun,Annecorinne.Braun@yopmail.com,Annecorinne.Braun@gmail.com,worker
737,Karolina,Quinn,Karolina.Quinn@yopmail.com,Karolina.Quinn@gmail.com,developer
738,Roslyn,Abbot,Roslyn.Abbot@yopmail.com,Roslyn.Abbot@gmail.com,worker
739,Kimberley,Alabaster,Kimberley.Alabaster@yopmail.com,Kimberley.Alabaster@gmail.com,firefighter
740,Lucille,Pacorro,Lucille.Pacorro@yopmail.com,Lucille.Pacorro@gmail.com,worker
741,Amelia,Kazimir,Amelia.Kazimir@yopmail.com,Amelia.Kazimir@gmail.com,doctor
742,Ekaterina,Daegal,Ekaterina.Daegal@yopmail.com,Ekaterina.Daegal@gmail.com,police officer
743,Veda,Saunderson,Veda.Saunderson@yopmail.com,Veda.Saunderson@gmail.com,firefighter
744,Valeda,Moseley,Valeda.Moseley@yopmail.com,Valeda.Moseley@gmail.com,worker
745,Lynea,Daveta,Lynea.Daveta@yopmail.com,Lynea.Daveta@gmail.com,police officer
746,Theodora,Norrie,Theodora.Norrie@yopmail.com,Theodora.Norrie@gmail.com,doctor
747,Hannis,Mozelle,Hannis.Mozelle@yopmail.com,Hannis.Mozelle@gmail.com,firefighter
748,Kerrin,Lauraine,Kerrin.Lauraine@yopmail.com,Kerrin.Lauraine@gmail.com,firefighter
749,Tarra,Brieta,Tarra.Brieta@yopmail.com,Tarra.Brieta@gmail.com,police officer
750,Vonny,Pip,Vonny.Pip@yopmail.com,Vonny.Pip@gmail.com,police officer
751,Rosene,Ferino,Rosene.Ferino@yopmail.com,Rosene.Ferino@gmail.com,police officer
752,Constance,Weitman,Constance.Weitman@yopmail.com,Constance.Weitman@gmail.com,police officer
753,Fanchon,Ludewig,Fanchon.Ludewig@yopmail.com,Fanchon.Ludewig@gmail.com,police officer
754,Debee,Kenwood,Debee.Kenwood@yopmail.com,Debee.Kenwood@gmail.com,worker
755,Maryellen,Madelene,Maryellen.Madelene@yopmail.com,Maryellen.Madelene@gmail.com,doctor
756,Clarice,Sikorski,Clarice.Sikorski@yopmail.com,Clarice.Sikorski@gmail.com,worker
757,Binny,Janith,Binny.Janith@yopmail.com,Binny.Janith@gmail.com,doctor
758,Lindie,Even,Lindie.Even@yopmail.com,Lindie.Even@gmail.com,worker
759,Krystle,Rocray,Krystle.Rocray@yopmail.com,Krystle.Rocray@gmail.com,doctor
760,Teddie,Nicoline,Teddie.Nicoline@yopmail.com,Teddie.Nicoline@gmail.com,doctor
761,Violet,Chapland,Violet.Chapland@yopmail.com,Violet.Chapland@gmail.com,doctor
762,Neila,Tremayne,Neila.Tremayne@yopmail.com,Neila.Tremayne@gmail.com,police officer
763,Madeleine,Fairweather,Madeleine.Fairweather@yopmail.com,Madeleine.Fairweather@gmail.com,police officer
764,Flory,Millda,Flory.Millda@yopmail.com,Flory.Millda@gmail.com,firefighter
765,Hope,Pierette,Hope.Pierette@yopmail.com,Hope.Pierette@gmail.com,doctor
766,Charlena,Kauppi,Charlena.Kauppi@yopmail.com,Charlena.Kauppi@gmail.com,firefighter
767,Karly,Bergman,Karly.Bergman@yopmail.com,Karly.Bergman@gmail.com,worker
768,Misha,Elisha,Misha.Elisha@yopmail.com,Misha.Elisha@gmail.com,police officer
769,Camile,Hieronymus,Camile.Hieronymus@yopmail.com,Camile.Hieronymus@gmail.com,doctor
770,Paulita,Vharat,Paulita.Vharat@yopmail.com,Paulita.Vharat@gmail.com,police officer
771,Larine,Paton,Larine.Paton@yopmail.com,Larine.Paton@gmail.com,doctor
772,Vinita,Woodberry,Vinita.Woodberry@yopmail.com,Vinita.Woodberry@gmail.com,police officer
773,Annaliese,Lucienne,Annaliese.Lucienne@yopmail.com,Annaliese.Lucienne@gmail.com,worker
774,Jasmina,Sekofski,Jasmina.Sekofski@yopmail.com,Jasmina.Sekofski@gmail.com,firefighter
775,Britte,Blisse,Britte.Blisse@yopmail.com,Britte.Blisse@gmail.com,police officer
776,Melisent,Gherardo,Melisent.Gherardo@yopmail.com,Melisent.Gherardo@gmail.com,firefighter
777,Karlee,Zamora,Karlee.Zamora@yopmail.com,Karlee.Zamora@gmail.com,police officer
778,Tressa,Zamora,Tressa.Zamora@yopmail.com,Tressa.Zamora@gmail.com,doctor
779,Paule,Merell,Paule.Merell@yopmail.com,Paule.Merell@gmail.com,doctor
780,Leeanne,Winnick,Leeanne.Winnick@yopmail.com,Leeanne.Winnick@gmail.com,firefighter
781,Katleen,Masao,Katleen.Masao@yopmail.com,Katleen.Masao@gmail.com,worker
782,Kore,Fancie,Kore.Fancie@yopmail.com,Kore.Fancie@gmail.com,developer
783,Glenda,Yerkovich,Glenda.Yerkovich@yopmail.com,Glenda.Yerkovich@gmail.com,firefighter
784,Elvira,Henrie,Elvira.Henrie@yopmail.com,Elvira.Henrie@gmail.com,worker
785,Tori,Mayeda,Tori.Mayeda@yopmail.com,Tori.Mayeda@gmail.com,doctor
786,Audrie,Wildermuth,Audrie.Wildermuth@yopmail.com,Audrie.Wildermuth@gmail.com,developer
787,Tina,Fiester,Tina.Fiester@yopmail.com,Tina.Fiester@gmail.com,worker
788,Tomasina,Lunsford,Tomasina.Lunsford@yopmail.com,Tomasina.Lunsford@gmail.com,doctor
789,Fred,Philipp,Fred.Philipp@yopmail.com,Fred.Philipp@gmail.com,firefighter
790,Lorie,Croix,Lorie.Croix@yopmail.com,Lorie.Croix@gmail.com,firefighter
791,Kathy,Cosenza,Kathy.Cosenza@yopmail.com,Kathy.Cosenza@gmail.com,police officer
792,Leeanne,Rubie,Leeanne.Rubie@yopmail.com,Leeanne.Rubie@gmail.com,doctor
793,Corry,Kylander,Corry.Kylander@yopmail.com,Corry.Kylander@gmail.com,worker
794,Annabela,Bivins,Annabela.Bivins@yopmail.com,Annabela.Bivins@gmail.com,police officer
795,Codie,Avi,Codie.Avi@yopmail.com,Codie.Avi@gmail.com,worker
796,Carol-Jean,Ambrosia,Carol-Jean.Ambrosia@yopmail.com,Carol-Jean.Ambrosia@gmail.com,police officer
797,Gisela,Genna,Gisela.Genna@yopmail.com,Gisela.Genna@gmail.com,developer
798,Genovera,Emanuel,Genovera.Emanuel@yopmail.com,Genovera.Emanuel@gmail.com,firefighter
799,Donetta,Dosia,Donetta.Dosia@yopmail.com,Donetta.Dosia@gmail.com,doctor
800,Kelly,Sandye,Kelly.Sandye@yopmail.com,Kelly.Sandye@gmail.com,doctor
801,Wilma,Dulciana,Wilma.Dulciana@yopmail.com,Wilma.Dulciana@gmail.com,firefighter
802,Lauryn,Zola,Lauryn.Zola@yopmail.com,Lauryn.Zola@gmail.com,police officer
803,Layla,Bearnard,Layla.Bearnard@yopmail.com,Layla.Bearnard@gmail.com,firefighter
804,Mathilda,Stacy,Mathilda.Stacy@yopmail.com,Mathilda.Stacy@gmail.com,worker
805,Jere,Koziara,Jere.Koziara@yopmail.com,Jere.Koziara@gmail.com,worker
806,Helsa,Shama,Helsa.Shama@yopmail.com,Helsa.Shama@gmail.com,police officer
807,Jenilee,Jacqui,Jenilee.Jacqui@yopmail.com,Jenilee.Jacqui@gmail.com,doctor
808,Olivette,Rolf,Olivette.Rolf@yopmail.com,Olivette.Rolf@gmail.com,developer
809,Madeleine,Gunn,Madeleine.Gunn@yopmail.com,Madeleine.Gunn@gmail.com,police officer
810,Jolyn,Hull,Jolyn.Hull@yopmail.com,Jolyn.Hull@gmail.com,worker
811,Norine,Ashely,Norine.Ashely@yopmail.com,Norine.Ashely@gmail.com,doctor
812,Jan,Corrine,Jan.Corrine@yopmail.com,Jan.Corrine@gmail.com,worker
813,Dorice,Land,Dorice.Land@yopmail.com,Dorice.Land@gmail.com,firefighter
814,Elena,Maples,Elena.Maples@yopmail.com,Elena.Maples@gmail.com,police officer
815,Ayn,Gwenore,Ayn.Gwenore@yopmail.com,Ayn.Gwenore@gmail.com,worker
816,Angela,Salvidor,Angela.Salvidor@yopmail.com,Angela.Salvidor@gmail.com,worker
817,Rosaline,Teryn,Rosaline.Teryn@yopmail.com,Rosaline.Teryn@gmail.com,police officer
818,Lolita,Oscar,Lolita.Oscar@yopmail.com,Lolita.Oscar@gmail.com,firefighter
819,Fanchon,Stover,Fanchon.Stover@yopmail.com,Fanchon.Stover@gmail.com,developer
820,Ebonee,Alabaster,Ebonee.Alabaster@yopmail.com,Ebonee.Alabaster@gmail.com,police officer
821,Moyna,Margarete,Moyna.Margarete@yopmail.com,Moyna.Margarete@gmail.com,police officer
822,Dennie,Merell,Dennie.Merell@yopmail.com,Dennie.Merell@gmail.com,police officer
823,Christal,Argus,Christal.Argus@yopmail.com,Christal.Argus@gmail.com,developer
824,Tersina,Beebe,Tersina.Beebe@yopmail.com,Tersina.Beebe@gmail.com,firefighter
825,Blondelle,Dyche,Blondelle.Dyche@yopmail.com,Blondelle.Dyche@gmail.com,firefighter
826,Harrietta,Schonfeld,Harrietta.Schonfeld@yopmail.com,Harrietta.Schonfeld@gmail.com,police officer
827,Margette,Goerke,Margette.Goerke@yopmail.com,Margette.Goerke@gmail.com,doctor
828,Clementine,Kaja,Clementine.Kaja@yopmail.com,Clementine.Kaja@gmail.com,firefighter
829,Tani,Adlare,Tani.Adlare@yopmail.com,Tani.Adlare@gmail.com,police officer
830,Renae,Sprage,Renae.Sprage@yopmail.com,Renae.Sprage@gmail.com,doctor
831,Tersina,Iphlgenia,Tersina.Iphlgenia@yopmail.com,Tersina.Iphlgenia@gmail.com,police officer
832,Joelly,Auberbach,Joelly.Auberbach@yopmail.com,Joelly.Auberbach@gmail.com,firefighter
833,Deirdre,Mullane,Deirdre.Mullane@yopmail.com,Deirdre.Mullane@gmail.com,developer
834,Darlleen,Yam,Darlleen.Yam@yopmail.com,Darlleen.Yam@gmail.com,doctor
835,Natka,Alwin,Natka.Alwin@yopmail.com,Natka.Alwin@gmail.com,developer
836,Meriel,Albertine,Meriel.Albertine@yopmail.com,Meriel.Albertine@gmail.com,doctor
837,Cordi,Aida,Cordi.Aida@yopmail.com,Cordi.Aida@gmail.com,firefighter
838,Cherrita,Tippets,Cherrita.Tippets@yopmail.com,Cherrita.Tippets@gmail.com,firefighter
839,Margalo,Pauly,Margalo.Pauly@yopmail.com,Margalo.Pauly@gmail.com,doctor
840,Letizia,Jacobah,Letizia.Jacobah@yopmail.com,Letizia.Jacobah@gmail.com,doctor
841,Cassondra,Granoff,Cassondra.Granoff@yopmail.com,Cassondra.Granoff@gmail.com,police officer
842,Libbie,Jenness,Libbie.Jenness@yopmail.com,Libbie.Jenness@gmail.com,worker
843,Jessy,Fosque,Jessy.Fosque@yopmail.com,Jessy.Fosque@gmail.com,worker
844,Elsie,Lea,Elsie.Lea@yopmail.com,Elsie.Lea@gmail.com,developer
845,Stephanie,Dermott,Stephanie.Dermott@yopmail.com,Stephanie.Dermott@gmail.com,worker
846,Andeee,Demitria,Andeee.Demitria@yopmail.com,Andeee.Demitria@gmail.com,doctor
847,Julieta,Tristram,Julieta.Tristram@yopmail.com,Julieta.Tristram@gmail.com,doctor
848,Pearline,Koehler,Pearline.Koehler@yopmail.com,Pearline.Koehler@gmail.com,firefighter
849,Roseline,Raul,Roseline.Raul@yopmail.com,Roseline.Raul@gmail.com,police officer
850,Tonia,Kosey,Tonia.Kosey@yopmail.com,Tonia.Kosey@gmail.com,developer
851,Inga,Israeli,Inga.Israeli@yopmail.com,Inga.Israeli@gmail.com,developer
852,Nelle,Taima,Nelle.Taima@yopmail.com,Nelle.Taima@gmail.com,police officer
853,Aimil,Kat,Aimil.Kat@yopmail.com,Aimil.Kat@gmail.com,firefighter
854,Danny,Kress,Danny.Kress@yopmail.com,Danny.Kress@gmail.com,worker
855,Dennie,Isacco,Dennie.Isacco@yopmail.com,Dennie.Isacco@gmail.com,doctor
856,Phedra,Darian,Phedra.Darian@yopmail.com,Phedra.Darian@gmail.com,firefighter
857,Blinni,Saree,Blinni.Saree@yopmail.com,Blinni.Saree@gmail.com,police officer
858,Lynde,Thornburg,Lynde.Thornburg@yopmail.com,Lynde.Thornburg@gmail.com,worker
859,Maurene,Boehike,Maurene.Boehike@yopmail.com,Maurene.Boehike@gmail.com,doctor
860,Cassandra,Charmine,Cassandra.Charmine@yopmail.com,Cassandra.Charmine@gmail.com,police officer
861,Jolyn,Sheedy,Jolyn.Sheedy@yopmail.com,Jolyn.Sheedy@gmail.com,developer
862,Albertina,Calhoun,Albertina.Calhoun@yopmail.com,Albertina.Calhoun@gmail.com,firefighter
863,Jsandye,Nunci,Jsandye.Nunci@yopmail.com,Jsandye.Nunci@gmail.com,firefighter
864,Esmeralda,Ciro,Esmeralda.Ciro@yopmail.com,Esmeralda.Ciro@gmail.com,worker
865,Mallory,Georgy,Mallory.Georgy@yopmail.com,Mallory.Georgy@gmail.com,firefighter
866,Kristan,Lynn,Kristan.Lynn@yopmail.com,Kristan.Lynn@gmail.com,police officer
867,Verla,Roscoe,Verla.Roscoe@yopmail.com,Verla.Roscoe@gmail.com,worker
868,Flo,Chrystel,Flo.Chrystel@yopmail.com,Flo.Chrystel@gmail.com,doctor
869,Kathy,Francyne,Kathy.Francyne@yopmail.com,Kathy.Francyne@gmail.com,developer
870,Cindelyn,Bury,Cindelyn.Bury@yopmail.com,Cindelyn.Bury@gmail.com,doctor
871,Corry,Chobot,Corry.Chobot@yopmail.com,Corry.Chobot@gmail.com,doctor
872,Maridel,Bohlin,Maridel.Bohlin@yopmail.com,Maridel.Bohlin@gmail.com,firefighter
873,Mariann,Laverne,Mariann.Laverne@yopmail.com,Mariann.Laverne@gmail.com,doctor
874,Aeriela,Roumell,Aeriela.Roumell@yopmail.com,Aeriela.Roumell@gmail.com,worker
875,Margarette,Roche,Margarette.Roche@yopmail.com,Margarette.Roche@gmail.com,police officer
876,Edyth,Llovera,Edyth.Llovera@yopmail.com,Edyth.Llovera@gmail.com,worker
877,Vevay,Woodberry,Vevay.Woodberry@yopmail.com,Vevay.Woodberry@gmail.com,police officer
878,Aryn,Damarra,Aryn.Damarra@yopmail.com,Aryn.Damarra@gmail.com,police officer
879,Kaja,Hurley,Kaja.Hurley@yopmail.com,Kaja.Hurley@gmail.com,firefighter
880,Vivia,Beniamino,Vivia.Beniamino@yopmail.com,Vivia.Beniamino@gmail.com,police officer
881,Hildegaard,Harriman,Hildegaard.Harriman@yopmail.com,Hildegaard.Harriman@gmail.com,doctor
882,Betta,Oriana,Betta.Oriana@yopmail.com,Betta.Oriana@gmail.com,police officer
883,Gale,Olin,Gale.Olin@yopmail.com,Gale.Olin@gmail.com,developer
884,Leeanne,Donell,Leeanne.Donell@yopmail.com,Leeanne.Donell@gmail.com,firefighter
885,Kirbee,Craggie,Kirbee.Craggie@yopmail.com,Kirbee.Craggie@gmail.com,police officer
886,Marylou,Fontana,Marylou.Fontana@yopmail.com,Marylou.Fontana@gmail.com,firefighter
887,Sonni,Gower,Sonni.Gower@yopmail.com,Sonni.Gower@gmail.com,doctor
888,Constance,Doig,Constance.Doig@yopmail.com,Constance.Doig@gmail.com,firefighter
889,Sidoney,Tjon,Sidoney.Tjon@yopmail.com,Sidoney.Tjon@gmail.com,firefighter
890,Celene,Stilwell,Celene.Stilwell@yopmail.com,Celene.Stilwell@gmail.com,firefighter
891,Vonny,Burch,Vonny.Burch@yopmail.com,Vonny.Burch@gmail.com,doctor
892,Lenna,Grimbly,Lenna.Grimbly@yopmail.com,Lenna.Grimbly@gmail.com,police officer
893,Karina,Lilas,Karina.Lilas@yopmail.com,Karina.Lilas@gmail.com,doctor
894,Krystle,Peti,Krystle.Peti@yopmail.com,Krystle.Peti@gmail.com,police officer
895,Amalie,Genna,Amalie.Genna@yopmail.com,Amalie.Genna@gmail.com,worker
896,Orelia,Pip,Orelia.Pip@yopmail.com,Orelia.Pip@gmail.com,police officer
897,Karlee,Franza,Karlee.Franza@yopmail.com,Karlee.Franza@gmail.com,police officer
898,Carly,Braun,Carly.Braun@yopmail.com,Carly.Braun@gmail.com,developer
899,Meg,Garbe,Meg.Garbe@yopmail.com,Meg.Garbe@gmail.com,worker
900,Danny,Douglass,Danny.Douglass@yopmail.com,Danny.Douglass@gmail.com,police officer
901,Gloria,Palocz,Gloria.Palocz@yopmail.com,Gloria.Palocz@gmail.com,firefighter
902,Gertrud,Velick,Gertrud.Velick@yopmail.com,Gertrud.Velick@gmail.com,developer
903,Adriana,Nea,Adriana.Nea@yopmail.com,Adriana.Nea@gmail.com,developer
904,Cherrita,Dituri,Cherrita.Dituri@yopmail.com,Cherrita.Dituri@gmail.com,worker
905,Mary,Gordon,Mary.Gordon@yopmail.com,Mary.Gordon@gmail.com,police officer
906,Randa,Pelagias,Randa.Pelagias@yopmail.com,Randa.Pelagias@gmail.com,firefighter
907,Nadine,Wadell,Nadine.Wadell@yopmail.com,Nadine.Wadell@gmail.com,firefighter
908,Danny,Thomasina,Danny.Thomasina@yopmail.com,Danny.Thomasina@gmail.com,worker
909,Joelly,Vastah,Joelly.Vastah@yopmail.com,Joelly.Vastah@gmail.com,police officer
910,Queenie,Odell,Queenie.Odell@yopmail.com,Queenie.Odell@gmail.com,doctor
911,Joy,Tremayne,Joy.Tremayne@yopmail.com,Joy.Tremayne@gmail.com,developer
912,Deloria,Ricki,Deloria.Ricki@yopmail.com,Deloria.Ricki@gmail.com,police officer
913,Shaine,Elbertina,Shaine.Elbertina@yopmail.com,Shaine.Elbertina@gmail.com,police officer
914,Teriann,Jotham,Teriann.Jotham@yopmail.com,Teriann.Jotham@gmail.com,developer
915,Carlie,Morrill,Carlie.Morrill@yopmail.com,Carlie.Morrill@gmail.com,police officer
916,Lizzie,Lorenz,Lizzie.Lorenz@yopmail.com,Lizzie.Lorenz@gmail.com,doctor
917,Meg,Howlyn,Meg.Howlyn@yopmail.com,Meg.Howlyn@gmail.com,developer
918,Rosene,Cullin,Rosene.Cullin@yopmail.com,Rosene.Cullin@gmail.com,developer
919,Ketti,Regan,Ketti.Regan@yopmail.com,Ketti.Regan@gmail.com,developer
920,Cordi,Byrne,Cordi.Byrne@yopmail.com,Cordi.Byrne@gmail.com,doctor
921,Elvira,Leffen,Elvira.Leffen@yopmail.com,Elvira.Leffen@gmail.com,doctor
922,Carlie,Hachmin,Carlie.Hachmin@yopmail.com,Carlie.Hachmin@gmail.com,developer
923,Evaleen,Zamora,Evaleen.Zamora@yopmail.com,Evaleen.Zamora@gmail.com,firefighter
924,Sonni,Honoria,Sonni.Honoria@yopmail.com,Sonni.Honoria@gmail.com,worker
925,Giustina,Kathie,Giustina.Kathie@yopmail.com,Giustina.Kathie@gmail.com,doctor
926,Shell,Birdella,Shell.Birdella@yopmail.com,Shell.Birdella@gmail.com,firefighter
927,Correy,Dash,Correy.Dash@yopmail.com,Correy.Dash@gmail.com,developer
928,Gilligan,Shaddock,Gilligan.Shaddock@yopmail.com,Gilligan.Shaddock@gmail.com,developer
929,Adele,Romelda,Adele.Romelda@yopmail.com,Adele.Romelda@gmail.com,worker
930,Tiffie,Isacco,Tiffie.Isacco@yopmail.com,Tiffie.Isacco@gmail.com,developer
931,Diena,Stacy,Diena.Stacy@yopmail.com,Diena.Stacy@gmail.com,doctor
932,Viviene,Grayce,Viviene.Grayce@yopmail.com,Viviene.Grayce@gmail.com,firefighter
933,Norine,Erb,Norine.Erb@yopmail.com,Norine.Erb@gmail.com,worker
934,Abbie,Saint,Abbie.Saint@yopmail.com,Abbie.Saint@gmail.com,doctor
935,Alameda,Yam,Alameda.Yam@yopmail.com,Alameda.Yam@gmail.com,firefighter
936,Nariko,Rocray,Nariko.Rocray@yopmail.com,Nariko.Rocray@gmail.com,firefighter
937,Kial,Uird,Kial.Uird@yopmail.com,Kial.Uird@gmail.com,developer
938,Calla,Jerold,Calla.Jerold@yopmail.com,Calla.Jerold@gmail.com,police officer
939,Deloria,Raul,Deloria.Raul@yopmail.com,Deloria.Raul@gmail.com,developer
940,Veda,Heisel,Veda.Heisel@yopmail.com,Veda.Heisel@gmail.com,firefighter
941,Tomasina,Katrine,Tomasina.Katrine@yopmail.com,Tomasina.Katrine@gmail.com,worker
942,Shauna,Tamar,Shauna.Tamar@yopmail.com,Shauna.Tamar@gmail.com,doctor
943,Cathie,Goddard,Cathie.Goddard@yopmail.com,Cathie.Goddard@gmail.com,police officer
944,Jacenta,Adore,Jacenta.Adore@yopmail.com,Jacenta.Adore@gmail.com,worker
945,Elsie,Fulmer,Elsie.Fulmer@yopmail.com,Elsie.Fulmer@gmail.com,firefighter
946,Maud,Adlare,Maud.Adlare@yopmail.com,Maud.Adlare@gmail.com,firefighter
947,Gusty,Aldric,Gusty.Aldric@yopmail.com,Gusty.Aldric@gmail.com,doctor
948,Fanchon,Johnsson,Fanchon.Johnsson@yopmail.com,Fanchon.Johnsson@gmail.com,doctor
949,Fidelia,Mata,Fidelia.Mata@yopmail.com,Fidelia.Mata@gmail.com,firefighter
950,Ilse,Braun,Ilse.Braun@yopmail.com,Ilse.Braun@gmail.com,firefighter
951,Shandie,Bultman,Shandie.Bultman@yopmail.com,Shandie.Bultman@gmail.com,doctor
952,Ida,Hortensia,Ida.Hortensia@yopmail.com,Ida.Hortensia@gmail.com,worker
953,Binny,Jefferey,Binny.Jefferey@yopmail.com,Binny.Jefferey@gmail.com,firefighter
954,Bernie,Madelene,Bernie.Madelene@yopmail.com,Bernie.Madelene@gmail.com,worker
955,Demetris,Cristi,Demetris.Cristi@yopmail.com,Demetris.Cristi@gmail.com,doctor
956,Margette,Berl,Margette.Berl@yopmail.com,Margette.Berl@gmail.com,doctor
957,Ivett,Joachim,Ivett.Joachim@yopmail.com,Ivett.Joachim@gmail.com,developer
958,Henriette,Gemini,Henriette.Gemini@yopmail.com,Henriette.Gemini@gmail.com,developer
959,Paulita,Junie,Paulita.Junie@yopmail.com,Paulita.Junie@gmail.com,worker
960,Belva,Lilybelle,Belva.Lilybelle@yopmail.com,Belva.Lilybelle@gmail.com,firefighter
961,Lindie,Douglass,Lindie.Douglass@yopmail.com,Lindie.Douglass@gmail.com,police officer
962,Kalina,Felizio,Kalina.Felizio@yopmail.com,Kalina.Felizio@gmail.com,developer
963,Winifred,Merell,Winifred.Merell@yopmail.com,Winifred.Merell@gmail.com,worker
964,Luci,Hachmin,Luci.Hachmin@yopmail.com,Luci.Hachmin@gmail.com,police officer
965,Aimil,Ramona,Aimil.Ramona@yopmail.com,Aimil.Ramona@gmail.com,developer
966,Tybie,Alva,Tybie.Alva@yopmail.com,Tybie.Alva@gmail.com,firefighter
967,Kirstin,McLaughlin,Kirstin.McLaughlin@yopmail.com,Kirstin.McLaughlin@gmail.com,worker
968,Claresta,Strephon,Claresta.Strephon@yopmail.com,Claresta.Strephon@gmail.com,developer
969,Katharina,Janene,Katharina.Janene@yopmail.com,Katharina.Janene@gmail.com,worker
970,Nessie,Tamar,Nessie.Tamar@yopmail.com,Nessie.Tamar@gmail.com,developer
971,Florencia,Montgomery,Florencia.Montgomery@yopmail.com,Florencia.Montgomery@gmail.com,police officer
972,Cathyleen,Secrest,Cathyleen.Secrest@yopmail.com,Cathyleen.Secrest@gmail.com,police officer
973,Emmey,Olin,Emmey.Olin@yopmail.com,Emmey.Olin@gmail.com,developer
974,Violet,Lunsford,Violet.Lunsford@yopmail.com,Violet.Lunsford@gmail.com,developer
975,Beatriz,Miru,Beatriz.Miru@yopmail.com,Beatriz.Miru@gmail.com,police officer
976,Arabel,Candy,Arabel.Candy@yopmail.com,Arabel.Candy@gmail.com,firefighter
977,Gale,Vastah,Gale.Vastah@yopmail.com,Gale.Vastah@gmail.com,police officer
978,Susan,Amand,Susan.Amand@yopmail.com,Susan.Amand@gmail.com,firefighter
979,Ivett,Hertzfeld,Ivett.Hertzfeld@yopmail.com,Ivett.Hertzfeld@gmail.com,developer
980,Etta,Scammon,Etta.Scammon@yopmail.com,Etta.Scammon@gmail.com,police officer
981,Desirae,Wolfgram,Desirae.Wolfgram@yopmail.com,Desirae.Wolfgram@gmail.com,developer
982,Dyann,Hachmin,Dyann.Hachmin@yopmail.com,Dyann.Hachmin@gmail.com,developer
983,Ericka,Blase,Ericka.Blase@yopmail.com,Ericka.Blase@gmail.com,worker
984,Benita,Masao,Benita.Masao@yopmail.com,Benita.Masao@gmail.com,developer
985,Ayn,Dorcy,Ayn.Dorcy@yopmail.com,Ayn.Dorcy@gmail.com,developer
986,Wanda,Kronfeld,Wanda.Kronfeld@yopmail.com,Wanda.Kronfeld@gmail.com,police officer
987,Daryl,Scammon,Daryl.Scammon@yopmail.com,Daryl.Scammon@gmail.com,police officer
988,Anallese,Ciapas,Anallese.Ciapas@yopmail.com,Anallese.Ciapas@gmail.com,firefighter
989,Merle,Kimmie,Merle.Kimmie@yopmail.com,Merle.Kimmie@gmail.com,worker
990,Felice,Radu,Felice.Radu@yopmail.com,Felice.Radu@gmail.com,doctor
991,Belva,Cynar,Belva.Cynar@yopmail.com,Belva.Cynar@gmail.com,police officer
992,Cristine,Dowski,Cristine.Dowski@yopmail.com,Cristine.Dowski@gmail.com,developer
993,Jeanna,Raseda,Jeanna.Raseda@yopmail.com,Jeanna.Raseda@gmail.com,doctor
994,Dyann,Iiette,Dyann.Iiette@yopmail.com,Dyann.Iiette@gmail.com,police officer
995,Philis,Guthrie,Philis.Guthrie@yopmail.com,Philis.Guthrie@gmail.com,police officer
996,Brietta,Seligman,Brietta.Seligman@yopmail.com,Brietta.Seligman@gmail.com,doctor
997,Vanessa,Rheingold,Vanessa.Rheingold@yopmail.com,Vanessa.Rheingold@gmail.com,police officer
998,Priscilla,Fadiman,Priscilla.Fadiman@yopmail.com,Priscilla.Fadiman@gmail.com,developer
999,Deane,Trinetta,Deane.Trinetta@yopmail.com,Deane.Trinetta@gmail.com,firefighter
1000,Tami,Billye,Tami.Billye@yopmail.com,Tami.Billye@gmail.com,developer
1001,Tiffie,Ardeha,Tiffie.Ardeha@yopmail.com,Tiffie.Ardeha@gmail.com,police officer
1002,Esmeralda,Bonucci,Esmeralda.Bonucci@yopmail.com,Esmeralda.Bonucci@gmail.com,worker
1003,Olwen,Gaulin,Olwen.Gaulin@yopmail.com,Olwen.Gaulin@gmail.com,firefighter
1004,Lenna,Cath,Lenna.Cath@yopmail.com,Lenna.Cath@gmail.com,worker
1005,Danny,Astra,Danny.Astra@yopmail.com,Danny.Astra@gmail.com,developer
1006,Jacenta,Janith,Jacenta.Janith@yopmail.com,Jacenta.Janith@gmail.com,police officer
1007,Fred,Firmin,Fred.Firmin@yopmail.com,Fred.Firmin@gmail.com,firefighter
1008,Jorry,Lorain,Jorry.Lorain@yopmail.com,Jorry.Lorain@gmail.com,worker
1009,Gloria,Therine,Gloria.Therine@yopmail.com,Gloria.Therine@gmail.com,doctor
1010,Dianemarie,Billye,Dianemarie.Billye@yopmail.com,Dianemarie.Billye@gmail.com,developer
1011,Minda,Cottle,Minda.Cottle@yopmail.com,Minda.Cottle@gmail.com,doctor
1012,Bernardine,Jotham,Bernardine.Jotham@yopmail.com,Bernardine.Jotham@gmail.com,doctor
1013,Lolita,Cottle,Lolita.Cottle@yopmail.com,Lolita.Cottle@gmail.com,developer
1014,Gabi,Imelida,Gabi.Imelida@yopmail.com,Gabi.Imelida@gmail.com,firefighter
1015,Maud,Lewes,Maud.Lewes@yopmail.com,Maud.Lewes@gmail.com,firefighter
1016,Ilse,Aloise,Ilse.Aloise@yopmail.com,Ilse.Aloise@gmail.com,doctor
1017,Gisela,Drisko,Gisela.Drisko@yopmail.com,Gisela.Drisko@gmail.com,worker
1018,Corry,Noman,Corry.Noman@yopmail.com,Corry.Noman@gmail.com,doctor
1019,Moyna,Ricarda,Moyna.Ricarda@yopmail.com,Moyna.Ricarda@gmail.com,firefighter
1020,Tabbatha,Sherrie,Tabbatha.Sherrie@yopmail.com,Tabbatha.Sherrie@gmail.com,firefighter
1021,Minne,Garek,Minne.Garek@yopmail.com,Minne.Garek@gmail.com,police officer
1022,Joleen,Dorcy,Joleen.Dorcy@yopmail.com,Joleen.Dorcy@gmail.com,worker
1023,Fawne,Wattenberg,Fawne.Wattenberg@yopmail.com,Fawne.Wattenberg@gmail.com,police officer
1024,Clarice,Neils,Clarice.Neils@yopmail.com,Clarice.Neils@gmail.com,firefighter
1025,Kalina,Goth,Kalina.Goth@yopmail.com,Kalina.Goth@gmail.com,developer
1026,Meg,Maribeth,Meg.Maribeth@yopmail.com,Meg.Maribeth@gmail.com,doctor
1027,Oona,Kussell,Oona.Kussell@yopmail.com,Oona.Kussell@gmail.com,firefighter
1028,Flo,Grosz,Flo.Grosz@yopmail.com,Flo.Grosz@gmail.com,developer
1029,Gloria,Anton,Gloria.Anton@yopmail.com,Gloria.Anton@gmail.com,police officer
1030,Veda,Abram,Veda.Abram@yopmail.com,Veda.Abram@gmail.com,developer
1031,Ricky,Sparhawk,Ricky.Sparhawk@yopmail.com,Ricky.Sparhawk@gmail.com,worker
1032,Rori,Toni,Rori.Toni@yopmail.com,Rori.Toni@gmail.com,firefighter
1033,Wynne,Krystle,Wynne.Krystle@yopmail.com,Wynne.Krystle@gmail.com,worker
1034,Bobbi,Olympium,Bobbi.Olympium@yopmail.com,Bobbi.Olympium@gmail.com,developer
1035,Steffane,Vanni,Steffane.Vanni@yopmail.com,Steffane.Vanni@gmail.com,police officer
1036,Maud,Merell,Maud.Merell@yopmail.com,Maud.Merell@gmail.com,worker
1037,Fawne,Stacy,Fawne.Stacy@yopmail.com,Fawne.Stacy@gmail.com,doctor
1038,Jinny,Friede,Jinny.Friede@yopmail.com,Jinny.Friede@gmail.com,firefighter
1039,Mignon,Longfellow,Mignon.Longfellow@yopmail.com,Mignon.Longfellow@gmail.com,worker
1040,Micheline,Henebry,Micheline.Henebry@yopmail.com,Micheline.Henebry@gmail.com,police officer
1041,Ardenia,Denis,Ardenia.Denis@yopmail.com,Ardenia.Denis@gmail.com,developer
1042,Hollie,Odysseus,Hollie.Odysseus@yopmail.com,Hollie.Odysseus@gmail.com,police officer
1043,Asia,Rubie,Asia.Rubie@yopmail.com,Asia.Rubie@gmail.com,doctor
1044,Marnia,Colbert,Marnia.Colbert@yopmail.com,Marnia.Colbert@gmail.com,firefighter
1045,Cherrita,Swanhildas,Cherrita.Swanhildas@yopmail.com,Cherrita.Swanhildas@gmail.com,police officer
1046,Celene,Madelene,Celene.Madelene@yopmail.com,Celene.Madelene@gmail.com,doctor
1047,Benita,Devlen,Benita.Devlen@yopmail.com,Benita.Devlen@gmail.com,developer
1048,Arabel,Dichy,Arabel.Dichy@yopmail.com,Arabel.Dichy@gmail.com,doctor
1049,Shandie,Talia,Shandie.Talia@yopmail.com,Shandie.Talia@gmail.com,firefighter
1050,Benita,Stefa,Benita.Stefa@yopmail.com,Benita.Stefa@gmail.com,developer
1051,Thalia,Cohdwell,Thalia.Cohdwell@yopmail.com,Thalia.Cohdwell@gmail.com,worker
1052,Sidoney,Girardo,Sidoney.Girardo@yopmail.com,Sidoney.Girardo@gmail.com,doctor
1053,Jenilee,Alfons,Jenilee.Alfons@yopmail.com,Jenilee.Alfons@gmail.com,developer
1054,Ariela,Bultman,Ariela.Bultman@yopmail.com,Ariela.Bultman@gmail.com,developer
1055,Rosabelle,Septima,Rosabelle.Septima@yopmail.com,Rosabelle.Septima@gmail.com,doctor
1056,Isa,Gherardo,Isa.Gherardo@yopmail.com,Isa.Gherardo@gmail.com,worker
1057,Clementine,Wattenberg,Clementine.Wattenberg@yopmail.com,Clementine.Wattenberg@gmail.com,worker
1058,Celisse,Trey,Celisse.Trey@yopmail.com,Celisse.Trey@gmail.com,worker
1059,Josephine,Oster,Josephine.Oster@yopmail.com,Josephine.Oster@gmail.com,firefighter
1060,Kelly,Rossner,Kelly.Rossner@yopmail.com,Kelly.Rossner@gmail.com,firefighter
1061,Marti,Georgy,Marti.Georgy@yopmail.com,Marti.Georgy@gmail.com,developer
1062,Fanny,Pascia,Fanny.Pascia@yopmail.com,Fanny.Pascia@gmail.com,worker
1063,Dianemarie,Sallyann,Dianemarie.Sallyann@yopmail.com,Dianemarie.Sallyann@gmail.com,police officer
1064,Rochette,Graig,Rochette.Graig@yopmail.com,Rochette.Graig@gmail.com,worker
1065,Belinda,Rebecka,Belinda.Rebecka@yopmail.com,Belinda.Rebecka@gmail.com,doctor
1066,Violet,Darbie,Violet.Darbie@yopmail.com,Violet.Darbie@gmail.com,doctor
1067,Veda,Hourigan,Veda.Hourigan@yopmail.com,Veda.Hourigan@gmail.com,worker
1068,Queenie,Olin,Queenie.Olin@yopmail.com,Queenie.Olin@gmail.com,police officer
1069,Coral,Olin,Coral.Olin@yopmail.com,Coral.Olin@gmail.com,developer
1070,Jaime,Deny,Jaime.Deny@yopmail.com,Jaime.Deny@gmail.com,firefighter
1071,Mahalia,Ioab,Mahalia.Ioab@yopmail.com,Mahalia.Ioab@gmail.com,developer
1072,Ermengarde,Halla,Ermengarde.Halla@yopmail.com,Ermengarde.Halla@gmail.com,developer
1073,Celisse,Seagraves,Celisse.Seagraves@yopmail.com,Celisse.Seagraves@gmail.com,firefighter
1074,Gertrud,Destinee,Gertrud.Destinee@yopmail.com,Gertrud.Destinee@gmail.com,developer
1075,Yetty,Hoenack,Yetty.Hoenack@yopmail.com,Yetty.Hoenack@gmail.com,doctor
1076,Corry,Mathilde,Corry.Mathilde@yopmail.com,Corry.Mathilde@gmail.com,developer
1077,Arlena,Elephus,Arlena.Elephus@yopmail.com,Arlena.Elephus@gmail.com,developer
1078,Loree,Center,Loree.Center@yopmail.com,Loree.Center@gmail.com,developer
1079,Doro,Faso,Doro.Faso@yopmail.com,Doro.Faso@gmail.com,worker
1080,Roxane,Blisse,Roxane.Blisse@yopmail.com,Roxane.Blisse@gmail.com,developer
1081,Ericka,Westphal,Ericka.Westphal@yopmail.com,Ericka.Westphal@gmail.com,worker
1082,Bernie,Helfand,Bernie.Helfand@yopmail.com,Bernie.Helfand@gmail.com,developer
1083,Mamie,Bluh,Mamie.Bluh@yopmail.com,Mamie.Bluh@gmail.com,developer
1084,Tobe,Greenwald,Tobe.Greenwald@yopmail.com,Tobe.Greenwald@gmail.com,police officer
1085,Kathi,Fitzsimmons,Kathi.Fitzsimmons@yopmail.com,Kathi.Fitzsimmons@gmail.com,worker
1086,Odessa,Nerita,Odessa.Nerita@yopmail.com,Odessa.Nerita@gmail.com,doctor
1087,Silvana,Gahl,Silvana.Gahl@yopmail.com,Silvana.Gahl@gmail.com,firefighter
1088,Dyann,Leonard,Dyann.Leonard@yopmail.com,Dyann.Leonard@gmail.com,police officer
1089,Taffy,Frodi,Taffy.Frodi@yopmail.com,Taffy.Frodi@gmail.com,police officer
1090,Alleen,Nadia,Alleen.Nadia@yopmail.com,Alleen.Nadia@gmail.com,firefighter
1091,Teriann,Aloise,Teriann.Aloise@yopmail.com,Teriann.Aloise@gmail.com,worker
1092,Ezmeralda,Lorain,Ezmeralda.Lorain@yopmail.com,Ezmeralda.Lorain@gmail.com,firefighter
1093,Mamie,Marcellus,Mamie.Marcellus@yopmail.com,Mamie.Marcellus@gmail.com,doctor
1094,Brynna,Waite,Brynna.Waite@yopmail.com,Brynna.Waite@gmail.com,developer
1095,Laurene,Deny,Laurene.Deny@yopmail.com,Laurene.Deny@gmail.com,developer
1096,Kristina,Avi,Kristina.Avi@yopmail.com,Kristina.Avi@gmail.com,worker
1097,Alex,Bord,Alex.Bord@yopmail.com,Alex.Bord@gmail.com,police officer
1098,Katleen,Frendel,Katleen.Frendel@yopmail.com,Katleen.Frendel@gmail.com,doctor
1099,Zsa Zsa,Melony,Zsa Zsa.Melony@yopmail.com,Zsa Zsa.Melony@gmail.com,police officer